,names,nvss_id_simbad,nvss_id_morx,first_id_simbad,first_id_morx,L_nvss,L_nvss_err,L_4xmm_soft,L_4xmm_soft_err,L_4xmm_hard,L_4xmm_hard_err,nu_radio_sed,nu_fnu_radio_sed,nu_fnu_err_radio_sed
0,NGC315,NVSS J005748+302114,,,,7.958312486376843e+39,2.6077619457793493e+38,3.818398978854795e+41,2.9849760389025905e+39,5.4128805390300774e+41,1.1034399136453885e+40,"[1.86231075e-13 5.95400000e-13 3.53315405e-13 2.82000000e-13
 5.31000000e-13 4.38600000e-13 3.66000000e-13 4.10000000e-13
 4.63300000e-13 4.10000000e-13 4.63300000e-13 2.03500000e-13
 1.96100000e-13 2.03500000e-13 1.96100000e-13 3.70260000e-13
 2.19800000e-13 1.58400000e-13 2.00200000e-13 2.02400000e-13
 1.58400000e-13 2.00200000e-13 2.02400000e-13 2.02400000e-13
 1.22850000e-13 1.29600000e-13 1.22850000e-13 1.29600000e-13
 1.30479000e-13 2.31509200e-13 5.41695000e-14 5.36000000e-14
 5.90000000e-14 4.43290000e-14 5.78120000e-14 4.43290000e-14
 5.78120000e-14 1.16907000e-13 9.09104350e-14 9.09104350e-14
 1.29360000e-14 2.50138000e-14 3.24800000e-14 1.08206000e-14
 2.52000000e-14 2.52000000e-14 2.81400000e-14 4.34000000e-14
 2.81400000e-14 4.34000000e-14 3.24724890e-14 8.48640000e-15
 8.73120000e-15 8.48640000e-15 8.73120000e-15 6.79995000e-15
 3.16435160e-14 1.33242000e-14 9.25600000e-15 2.71580000e-15] erg / (s cm2)","[1.86231075e-13 5.95400000e-13 3.53315405e-13 2.82000000e-13
 5.31000000e-13 4.38600000e-13 3.66000000e-13 4.10000000e-13
 4.63300000e-13 4.10000000e-13 4.63300000e-13 2.03500000e-13
 1.96100000e-13 2.03500000e-13 1.96100000e-13 3.70260000e-13
 2.19800000e-13 1.58400000e-13 2.00200000e-13 2.02400000e-13
 1.58400000e-13 2.00200000e-13 2.02400000e-13 2.02400000e-13
 1.22850000e-13 1.29600000e-13 1.22850000e-13 1.29600000e-13
 1.30479000e-13 2.31509200e-13 5.41695000e-14 5.36000000e-14
 5.90000000e-14 4.43290000e-14 5.78120000e-14 4.43290000e-14
 5.78120000e-14 1.16907000e-13 9.09104350e-14 9.09104350e-14
 1.29360000e-14 2.50138000e-14 3.24800000e-14 1.08206000e-14
 2.52000000e-14 2.52000000e-14 2.81400000e-14 4.34000000e-14
 2.81400000e-14 4.34000000e-14 3.24724890e-14 8.48640000e-15
 8.73120000e-15 8.48640000e-15 8.73120000e-15 6.79995000e-15
 3.16435160e-14 1.33242000e-14 9.25600000e-15 2.71580000e-15] erg / (s cm2)","[4.16711517e-15 4.58000000e-14 6.69536490e-16 3.76000000e-13
 1.08000000e-13 2.58000000e-14 1.22000000e-13 8.20000000e-14
 8.56900000e-14 8.20000000e-14 8.56900000e-14 2.59000000e-14
 2.22000000e-14 2.59000000e-14 2.22000000e-14 7.09500000e-14
 2.51200000e-14 1.98000000e-14 3.08000000e-14 2.20000000e-14
 1.98000000e-14 3.08000000e-14 2.20000000e-14 2.20000000e-14
 6.00000000e-16 4.50000000e-16 6.00000000e-16 4.50000000e-16
 5.34750000e-15 8.55605000e-15 4.04250000e-15 4.50000000e-15
 2.00000000e-15 5.72300000e-15 8.67180000e-15 5.72300000e-15
 8.67180000e-15 3.55775000e-15 2.42011000e-15 2.42011000e-15
 5.39000000e-16 1.26140000e-15 9.77200000e-16 3.54200000e-16
 1.40000000e-15 1.40000000e-15 1.54000000e-15 9.80000000e-16
 1.54000000e-15 9.80000000e-16 5.79768000e-16 4.24320000e-16
 8.97600000e-16 4.24320000e-16 8.97600000e-16 2.29950000e-16
 4.02936000e-16 6.99600000e-16 8.36600000e-16 3.33000000e-16] erg / (s cm2)"
1,NGC404,,,,,,,,,,,[-1.19e-16  5.04e-17  5.04e-17  5.18e-17] erg / (s cm2),[-1.19e-16  5.04e-17  5.04e-17  5.18e-17] erg / (s cm2),[9.52e-17 4.20e-18 4.20e-18 7.00e-18] erg / (s cm2)
2,NGC410,,NVSS J225500.8-393940,,,,,,,,,[2.38e-17 8.12e-17 8.12e-17 8.82e-17] erg / (s cm2),[2.38e-17 8.12e-17 8.12e-17 8.82e-17] erg / (s cm2),[9.52e-17 7.00e-18 7.00e-18 8.40e-18] erg / (s cm2)
3,NGC524,,,,,,,,,,,"[8.650e-17 2.380e-16 4.340e-17 2.282e-17 4.900e-17 4.340e-17 2.282e-17
 4.340e-17 2.282e-17] erg / (s cm2)","[8.650e-17 2.380e-16 4.340e-17 2.282e-17 4.900e-17 4.340e-17 2.282e-17
 4.340e-17 2.282e-17] erg / (s cm2)","[3.00e-18 1.19e-16 5.60e-18 9.80e-19 7.00e-18 5.60e-18 9.80e-19 5.60e-18
 9.80e-19] erg / (s cm2)"
4,NGC660,NVSS J014302+133845,NVSS J142949.7+493725,,,1.013890104964637e+38,3.7803304914807064e+36,,,,,"[1.3836575e-12 7.8000000e-15 8.9240000e-15 9.0695000e-15 8.9240000e-15
 9.0695000e-15 6.0690000e-15 4.6620000e-15 5.2332000e-15 5.4880000e-15
 3.3864000e-15 2.2338000e-15 7.1780000e-16] erg / (s cm2)","[1.3836575e-12 7.8000000e-15 8.9240000e-15 9.0695000e-15 8.9240000e-15
 9.0695000e-15 6.0690000e-15 4.6620000e-15 5.2332000e-15 5.4880000e-15
 3.3864000e-15 2.2338000e-15 7.1780000e-16] erg / (s cm2)","[4.61219166e-13 9.00000000e-16 1.33860000e-15 1.26100000e-15
 1.33860000e-15 1.26100000e-15 3.09400000e-16 7.87500000e-17
 1.96000000e-16 1.96000000e-16 2.85600000e-16 1.93450000e-16
 1.03600000e-16] erg / (s cm2)"
5,NGC777,NVSS J020014+312545,,,,6.590997611501697e+37,4.707855436786927e+36,,,,,[2.142e-16 1.036e-16 9.800e-17 9.800e-17] erg / (s cm2),[2.142e-16 1.036e-16 9.800e-17 9.800e-17] erg / (s cm2),[9.52e-17 7.00e-18 7.00e-18 7.00e-18] erg / (s cm2)
6,NGC1055,NVSS J024145+002638,,,,7.226755005797912e+37,2.4392572876801958e+36,,,,,"[1.75078795e-13 4.83600000e-15 3.05550000e-15 3.97700000e-15
 3.92850000e-15 3.05550000e-15 3.97700000e-15 3.92850000e-15
 3.05550000e-15 3.97700000e-15 3.92850000e-15 3.07020000e-15
 2.81260000e-15 7.47500000e-16] erg / (s cm2)","[1.75078795e-13 4.83600000e-15 3.05550000e-15 3.97700000e-15
 3.92850000e-15 3.05550000e-15 3.97700000e-15 3.92850000e-15
 3.05550000e-15 3.97700000e-15 3.92850000e-15 3.07020000e-15
 2.81260000e-15 7.47500000e-16] erg / (s cm2)","[2.39833966e-14 7.99800000e-16 5.33500000e-16 5.33500000e-16
 5.89275000e-16 5.33500000e-16 5.33500000e-16 5.89275000e-16
 5.33500000e-16 5.33500000e-16 5.89275000e-16 1.66600000e-16
 9.52000000e-17 2.87500000e-16] erg / (s cm2)"
7,NGC1167,NVSS J030142+351219,NVSS J030142.3+351219,,,1.7323962279280987e+40,5.198128599170398e+38,2.102097183435089e+40,1.426088025301362e+39,8.415106955838119e+39,3.34319090839297e+39,"[6.206000e-14 4.190400e-14 4.190400e-14 4.190400e-14 4.190400e-14
 7.522500e-15 3.332000e-14 2.380000e-14 2.510480e-14 2.380000e-14
 1.593648e-14 1.315095e-14 1.251250e-14 8.900000e-15 7.716100e-15
 6.659100e-15 7.716100e-15 6.659100e-15 3.099120e-15 3.470600e-15] erg / (s cm2)","[6.206000e-14 4.190400e-14 4.190400e-14 4.190400e-14 4.190400e-14
 7.522500e-15 3.332000e-14 2.380000e-14 2.510480e-14 2.380000e-14
 1.593648e-14 1.315095e-14 1.251250e-14 8.900000e-15 7.716100e-15
 6.659100e-15 7.716100e-15 6.659100e-15 3.099120e-15 3.470600e-15] erg / (s cm2)","[3.2100000e-15 6.2856000e-15 5.2865000e-15 6.2856000e-15 5.2865000e-15
 6.6300000e-16 1.6660000e-15 1.4000000e-15 7.5320000e-16 1.4000000e-15
 1.2749184e-15 1.6425000e-16 3.7700000e-16 2.4475000e-15 2.5670000e-16
 1.1325000e-16 2.5670000e-16 1.1325000e-16 1.0730000e-16 3.7740000e-16] erg / (s cm2)"
8,NGC1275,NVSS J031948+413042,NVSS J031948.1+413041,,,2.1770617786771456e+41,6.531414440133246e+39,8.652164114338877e+43,3.332816016199231e+40,1.4590544221330716e+44,2.7022965017943472e+41,"[1.41751000e-11 6.14720000e-11 3.76000000e-12 3.94800000e-12
 3.76000000e-12 3.94800000e-12 2.86200000e-11 2.74500000e-11
 2.86200000e-11 2.74500000e-11 1.10424000e-11 5.11700000e-12
 1.10424000e-11 5.11700000e-12 4.22730000e-11 2.86700000e-12
 3.35500000e-12 3.78200000e-12 2.98900000e-12 3.32450000e-12
 2.86700000e-12 3.35500000e-12 3.78200000e-12 2.98900000e-12
 3.32450000e-12 2.86700000e-12 3.35500000e-12 3.78200000e-12
 2.98900000e-12 3.32450000e-12 2.86700000e-12 3.35500000e-12
 3.78200000e-12 2.98900000e-12 3.32450000e-12 2.86700000e-12
 3.35500000e-12 3.78200000e-12 2.98900000e-12 3.32450000e-12
 6.39410000e-12 6.76390000e-12 6.39410000e-12 6.76390000e-12
 3.28000000e-12 3.22670000e-12 2.82900000e-12 2.99300000e-12
 3.28000000e-12 3.22670000e-12 2.82900000e-12 2.99300000e-12
 3.28000000e-12 3.22670000e-12 2.82900000e-12 2.99300000e-12
 3.28000000e-12 3.22670000e-12 2.82900000e-12 2.99300000e-12
 3.28000000e-12 3.22670000e-12 2.82900000e-12 2.99300000e-12
 1.70533000e-11 1.48555000e-11 1.70533000e-11 1.48555000e-11
 3.06273000e-12 2.87100000e-12 3.16800000e-12 3.06273000e-12
 2.87100000e-12 3.16800000e-12 3.06273000e-12 2.87100000e-12
 3.16800000e-12 1.19320000e-11 1.28708600e-11 1.19320000e-11
 1.28708600e-11 3.24090000e-12 2.80600000e-12 2.55300000e-12
 2.80600000e-12 2.55300000e-12 8.63720000e-12 8.22140000e-12
 4.31640000e-12 4.82680000e-12 8.63720000e-12 8.22140000e-12
 4.31640000e-12 4.82680000e-12 9.63494550e-12 4.31640000e-12
 4.82680000e-12 4.31640000e-12 4.82680000e-12 3.39171000e-12
 2.91000000e-12 8.76000000e-13 8.22000000e-13 8.70000000e-13
 8.38500000e-13 7.69500000e-13 6.53626960e-12 2.91000000e-12
 8.76000000e-13 8.22000000e-13 8.70000000e-13 8.38500000e-13
 7.69500000e-13 2.91000000e-12 8.76000000e-13 8.22000000e-13
 8.70000000e-13 8.38500000e-13 7.69500000e-13 2.91000000e-12
 8.76000000e-13 8.22000000e-13 8.70000000e-13 8.38500000e-13
 7.69500000e-13 2.91000000e-12 8.76000000e-13 8.22000000e-13
 8.70000000e-13 8.38500000e-13 7.69500000e-13 3.16155000e-12
 2.79690000e-12 3.16155000e-12 2.79690000e-12 2.91000000e-12
 8.76000000e-13 8.22000000e-13 8.70000000e-13 8.38500000e-13
 7.69500000e-13 2.91000000e-12 8.76000000e-13 8.22000000e-13
 8.70000000e-13 8.38500000e-13 7.69500000e-13 2.91000000e-12
 8.76000000e-13 8.22000000e-13 8.70000000e-13 8.38500000e-13
 7.69500000e-13 2.91000000e-12 8.76000000e-13 8.22000000e-13
 8.70000000e-13 8.38500000e-13 7.69500000e-13 3.16155000e-12
 2.79690000e-12 2.91000000e-12 8.76000000e-13 8.22000000e-13
 8.70000000e-13 8.38500000e-13 7.69500000e-13 2.91000000e-12
 8.76000000e-13 8.22000000e-13 8.70000000e-13 8.38500000e-13
 7.69500000e-13 2.91000000e-12 8.76000000e-13 8.22000000e-13
 8.70000000e-13 8.38500000e-13 7.69500000e-13 3.16155000e-12
 2.79690000e-12 3.16155000e-12 2.79690000e-12 7.35464000e-12
 7.35464000e-12 7.35464000e-12 7.35464000e-12 2.28592000e-12
 5.46514500e-12 4.34973000e-12 1.46300000e-12 8.93500000e-13
 9.00000000e-13 9.29450000e-13 8.93500000e-13 9.00000000e-13
 9.29450000e-13 1.55000000e-13 8.93500000e-13 9.00000000e-13
 9.29450000e-13 1.55000000e-13 2.26919000e-12 2.41319000e-12
 2.40172000e-12 2.05494500e-12 2.40172000e-12 2.05494500e-12
 6.94080000e-13 2.05866500e-12 2.73240000e-13 2.69500000e-13
 7.62685000e-13 2.66805000e-13 6.66204000e-13 2.70281550e-13
 6.88572500e-13 2.69500000e-13 7.62685000e-13 2.66805000e-13
 6.66204000e-13 2.70281550e-13 6.88572500e-13 2.69500000e-13
 7.62685000e-13 2.66805000e-13 6.66204000e-13 2.70281550e-13
 6.88572500e-13 2.69500000e-13 7.62685000e-13 2.66805000e-13
 6.66204000e-13 2.70281550e-13 6.88572500e-13 2.69500000e-13
 7.62685000e-13 2.66805000e-13 6.66204000e-13 2.70281550e-13
 6.88572500e-13 2.69500000e-13 7.62685000e-13 2.66805000e-13
 6.66204000e-13 2.70281550e-13 6.88572500e-13 3.91000000e-13
 1.76596000e-13 1.83400000e-13 1.90820000e-13 1.77800000e-13
 1.88860000e-13 1.83386000e-13 3.19608800e-13 1.83400000e-13
 1.90820000e-13 1.77800000e-13 1.88860000e-13 1.83386000e-13
 1.83400000e-13 1.90820000e-13 1.77800000e-13 1.88860000e-13
 1.83386000e-13 1.88860000e-13 1.83400000e-13 1.90820000e-13
 1.77800000e-13 1.88860000e-13 1.83386000e-13 1.42864400e-13
 1.38910800e-13 1.63500000e-13 1.63650000e-13 1.56000000e-13
 1.63650000e-13 1.73325000e-13 1.63500000e-13 1.63650000e-13
 1.56000000e-13 1.63650000e-13 1.73325000e-13 1.63500000e-13
 1.63650000e-13 1.56000000e-13 1.63650000e-13 1.73325000e-13
 1.63650000e-13 1.63500000e-13 1.63650000e-13 1.56000000e-13
 1.63650000e-13 1.73325000e-13 7.44192000e-14 6.59007500e-14
 1.21456520e-13 1.11428000e-13 1.20523800e-13 7.20900000e-14
 1.24422000e-13 1.21456520e-13 1.11428000e-13 1.20523800e-13
 7.20900000e-14 1.24422000e-13 1.21456520e-13 1.11428000e-13
 1.20523800e-13 7.20900000e-14 1.24422000e-13 1.21456520e-13
 1.11428000e-13 1.20523800e-13 7.20900000e-14 1.24422000e-13
 1.21456520e-13 1.11428000e-13 1.20523800e-13 7.20900000e-14
 1.24422000e-13 9.07057000e-14 1.12781900e-13 9.07057000e-14
 1.12781900e-13 1.26420000e-13 1.26762000e-13 1.02416000e-13
 1.26762000e-13 1.02416000e-13 2.29200000e-13 1.61424000e-13
 1.36800000e-13 1.48979000e-13 1.61424000e-13 1.36800000e-13
 1.48979000e-13 1.61424000e-13 1.36800000e-13 1.48979000e-13
 2.00406000e-13 1.97513000e-13 1.97513000e-13 2.00406000e-13
 1.97513000e-13 1.97513000e-13 2.00406000e-13 1.97513000e-13
 1.97513000e-13 2.62500000e-13 2.62500000e-13 1.80400000e-13
 1.82438875e-13 2.16000000e-13 2.16000000e-13 2.58850000e-13
 2.58850000e-13 2.58850000e-13 2.45490000e-13 2.45490000e-13
 2.45490000e-13 2.39400000e-13 2.39400000e-13 2.39400000e-13
 1.70400000e-13] erg / (s cm2)","[1.41751000e-11 6.14720000e-11 3.76000000e-12 3.94800000e-12
 3.76000000e-12 3.94800000e-12 2.86200000e-11 2.74500000e-11
 2.86200000e-11 2.74500000e-11 1.10424000e-11 5.11700000e-12
 1.10424000e-11 5.11700000e-12 4.22730000e-11 2.86700000e-12
 3.35500000e-12 3.78200000e-12 2.98900000e-12 3.32450000e-12
 2.86700000e-12 3.35500000e-12 3.78200000e-12 2.98900000e-12
 3.32450000e-12 2.86700000e-12 3.35500000e-12 3.78200000e-12
 2.98900000e-12 3.32450000e-12 2.86700000e-12 3.35500000e-12
 3.78200000e-12 2.98900000e-12 3.32450000e-12 2.86700000e-12
 3.35500000e-12 3.78200000e-12 2.98900000e-12 3.32450000e-12
 6.39410000e-12 6.76390000e-12 6.39410000e-12 6.76390000e-12
 3.28000000e-12 3.22670000e-12 2.82900000e-12 2.99300000e-12
 3.28000000e-12 3.22670000e-12 2.82900000e-12 2.99300000e-12
 3.28000000e-12 3.22670000e-12 2.82900000e-12 2.99300000e-12
 3.28000000e-12 3.22670000e-12 2.82900000e-12 2.99300000e-12
 3.28000000e-12 3.22670000e-12 2.82900000e-12 2.99300000e-12
 1.70533000e-11 1.48555000e-11 1.70533000e-11 1.48555000e-11
 3.06273000e-12 2.87100000e-12 3.16800000e-12 3.06273000e-12
 2.87100000e-12 3.16800000e-12 3.06273000e-12 2.87100000e-12
 3.16800000e-12 1.19320000e-11 1.28708600e-11 1.19320000e-11
 1.28708600e-11 3.24090000e-12 2.80600000e-12 2.55300000e-12
 2.80600000e-12 2.55300000e-12 8.63720000e-12 8.22140000e-12
 4.31640000e-12 4.82680000e-12 8.63720000e-12 8.22140000e-12
 4.31640000e-12 4.82680000e-12 9.63494550e-12 4.31640000e-12
 4.82680000e-12 4.31640000e-12 4.82680000e-12 3.39171000e-12
 2.91000000e-12 8.76000000e-13 8.22000000e-13 8.70000000e-13
 8.38500000e-13 7.69500000e-13 6.53626960e-12 2.91000000e-12
 8.76000000e-13 8.22000000e-13 8.70000000e-13 8.38500000e-13
 7.69500000e-13 2.91000000e-12 8.76000000e-13 8.22000000e-13
 8.70000000e-13 8.38500000e-13 7.69500000e-13 2.91000000e-12
 8.76000000e-13 8.22000000e-13 8.70000000e-13 8.38500000e-13
 7.69500000e-13 2.91000000e-12 8.76000000e-13 8.22000000e-13
 8.70000000e-13 8.38500000e-13 7.69500000e-13 3.16155000e-12
 2.79690000e-12 3.16155000e-12 2.79690000e-12 2.91000000e-12
 8.76000000e-13 8.22000000e-13 8.70000000e-13 8.38500000e-13
 7.69500000e-13 2.91000000e-12 8.76000000e-13 8.22000000e-13
 8.70000000e-13 8.38500000e-13 7.69500000e-13 2.91000000e-12
 8.76000000e-13 8.22000000e-13 8.70000000e-13 8.38500000e-13
 7.69500000e-13 2.91000000e-12 8.76000000e-13 8.22000000e-13
 8.70000000e-13 8.38500000e-13 7.69500000e-13 3.16155000e-12
 2.79690000e-12 2.91000000e-12 8.76000000e-13 8.22000000e-13
 8.70000000e-13 8.38500000e-13 7.69500000e-13 2.91000000e-12
 8.76000000e-13 8.22000000e-13 8.70000000e-13 8.38500000e-13
 7.69500000e-13 2.91000000e-12 8.76000000e-13 8.22000000e-13
 8.70000000e-13 8.38500000e-13 7.69500000e-13 3.16155000e-12
 2.79690000e-12 3.16155000e-12 2.79690000e-12 7.35464000e-12
 7.35464000e-12 7.35464000e-12 7.35464000e-12 2.28592000e-12
 5.46514500e-12 4.34973000e-12 1.46300000e-12 8.93500000e-13
 9.00000000e-13 9.29450000e-13 8.93500000e-13 9.00000000e-13
 9.29450000e-13 1.55000000e-13 8.93500000e-13 9.00000000e-13
 9.29450000e-13 1.55000000e-13 2.26919000e-12 2.41319000e-12
 2.40172000e-12 2.05494500e-12 2.40172000e-12 2.05494500e-12
 6.94080000e-13 2.05866500e-12 2.73240000e-13 2.69500000e-13
 7.62685000e-13 2.66805000e-13 6.66204000e-13 2.70281550e-13
 6.88572500e-13 2.69500000e-13 7.62685000e-13 2.66805000e-13
 6.66204000e-13 2.70281550e-13 6.88572500e-13 2.69500000e-13
 7.62685000e-13 2.66805000e-13 6.66204000e-13 2.70281550e-13
 6.88572500e-13 2.69500000e-13 7.62685000e-13 2.66805000e-13
 6.66204000e-13 2.70281550e-13 6.88572500e-13 2.69500000e-13
 7.62685000e-13 2.66805000e-13 6.66204000e-13 2.70281550e-13
 6.88572500e-13 2.69500000e-13 7.62685000e-13 2.66805000e-13
 6.66204000e-13 2.70281550e-13 6.88572500e-13 3.91000000e-13
 1.76596000e-13 1.83400000e-13 1.90820000e-13 1.77800000e-13
 1.88860000e-13 1.83386000e-13 3.19608800e-13 1.83400000e-13
 1.90820000e-13 1.77800000e-13 1.88860000e-13 1.83386000e-13
 1.83400000e-13 1.90820000e-13 1.77800000e-13 1.88860000e-13
 1.83386000e-13 1.88860000e-13 1.83400000e-13 1.90820000e-13
 1.77800000e-13 1.88860000e-13 1.83386000e-13 1.42864400e-13
 1.38910800e-13 1.63500000e-13 1.63650000e-13 1.56000000e-13
 1.63650000e-13 1.73325000e-13 1.63500000e-13 1.63650000e-13
 1.56000000e-13 1.63650000e-13 1.73325000e-13 1.63500000e-13
 1.63650000e-13 1.56000000e-13 1.63650000e-13 1.73325000e-13
 1.63650000e-13 1.63500000e-13 1.63650000e-13 1.56000000e-13
 1.63650000e-13 1.73325000e-13 7.44192000e-14 6.59007500e-14
 1.21456520e-13 1.11428000e-13 1.20523800e-13 7.20900000e-14
 1.24422000e-13 1.21456520e-13 1.11428000e-13 1.20523800e-13
 7.20900000e-14 1.24422000e-13 1.21456520e-13 1.11428000e-13
 1.20523800e-13 7.20900000e-14 1.24422000e-13 1.21456520e-13
 1.11428000e-13 1.20523800e-13 7.20900000e-14 1.24422000e-13
 1.21456520e-13 1.11428000e-13 1.20523800e-13 7.20900000e-14
 1.24422000e-13 9.07057000e-14 1.12781900e-13 9.07057000e-14
 1.12781900e-13 1.26420000e-13 1.26762000e-13 1.02416000e-13
 1.26762000e-13 1.02416000e-13 2.29200000e-13 1.61424000e-13
 1.36800000e-13 1.48979000e-13 1.61424000e-13 1.36800000e-13
 1.48979000e-13 1.61424000e-13 1.36800000e-13 1.48979000e-13
 2.00406000e-13 1.97513000e-13 1.97513000e-13 2.00406000e-13
 1.97513000e-13 1.97513000e-13 2.00406000e-13 1.97513000e-13
 1.97513000e-13 2.62500000e-13 2.62500000e-13 1.80400000e-13
 1.82438875e-13 2.16000000e-13 2.16000000e-13 2.58850000e-13
 2.58850000e-13 2.58850000e-13 2.45490000e-13 2.45490000e-13
 2.45490000e-13 2.39400000e-13 2.39400000e-13 2.39400000e-13
 1.70400000e-13] erg / (s cm2)","[7.0990000e-13 1.8080000e-12 3.7600000e-13 3.7600000e-13 3.7600000e-13
 3.7600000e-13 2.8710000e-12 2.7000000e-12 2.8710000e-12 2.7000000e-12
 5.5040000e-13 2.5800000e-13 5.5040000e-13 2.5800000e-13 1.7710000e-12
 2.4400000e-13 1.2200000e-13 1.2200000e-13 2.4400000e-13 1.7019000e-13
 2.4400000e-13 1.2200000e-13 1.2200000e-13 2.4400000e-13 1.7019000e-13
 2.4400000e-13 1.2200000e-13 1.2200000e-13 2.4400000e-13 1.7019000e-13
 2.4400000e-13 1.2200000e-13 1.2200000e-13 2.4400000e-13 1.7019000e-13
 2.4400000e-13 1.2200000e-13 1.2200000e-13 2.4400000e-13 1.7019000e-13
 7.5250000e-13 1.0062000e-12 7.5250000e-13 1.0062000e-12 4.1000000e-14
 9.7170000e-14 1.2300000e-13 8.2000000e-14 4.1000000e-14 9.7170000e-14
 1.2300000e-13 8.2000000e-14 4.1000000e-14 9.7170000e-14 1.2300000e-13
 8.2000000e-14 4.1000000e-14 9.7170000e-14 1.2300000e-13 8.2000000e-14
 4.1000000e-14 9.7170000e-14 1.2300000e-13 8.2000000e-14 3.2930000e-13
 2.4050000e-13 3.2930000e-13 2.4050000e-13 9.1410000e-14 6.6000000e-14
 2.6400000e-14 9.1410000e-14 6.6000000e-14 2.6400000e-14 9.1410000e-14
 6.6000000e-14 2.6400000e-14 5.9974000e-13 2.8260000e-14 5.9974000e-13
 2.8260000e-14 1.5210000e-13 1.1500000e-14 2.3000000e-14 1.1500000e-14
 2.3000000e-14 2.0020000e-13 1.9800000e-13 2.0680000e-13 2.0680000e-13
 2.0020000e-13 1.9800000e-13 2.0680000e-13 2.0680000e-13 1.4464620e-12
 2.0680000e-13 2.0680000e-13 2.0680000e-13 2.0680000e-13 2.4651200e-13
 1.4550000e-13 4.3500000e-14 4.0500000e-14 4.3500000e-14 4.2000000e-14
 3.9000000e-14 3.2688880e-13 1.4550000e-13 4.3500000e-14 4.0500000e-14
 4.3500000e-14 4.2000000e-14 3.9000000e-14 1.4550000e-13 4.3500000e-14
 4.0500000e-14 4.3500000e-14 4.2000000e-14 3.9000000e-14 1.4550000e-13
 4.3500000e-14 4.0500000e-14 4.3500000e-14 4.2000000e-14 3.9000000e-14
 1.4550000e-13 4.3500000e-14 4.0500000e-14 4.3500000e-14 4.2000000e-14
 3.9000000e-14 2.7600000e-14 1.7550000e-14 2.7600000e-14 1.7550000e-14
 1.4550000e-13 4.3500000e-14 4.0500000e-14 4.3500000e-14 4.2000000e-14
 3.9000000e-14 1.4550000e-13 4.3500000e-14 4.0500000e-14 4.3500000e-14
 4.2000000e-14 3.9000000e-14 1.4550000e-13 4.3500000e-14 4.0500000e-14
 4.3500000e-14 4.2000000e-14 3.9000000e-14 1.4550000e-13 4.3500000e-14
 4.0500000e-14 4.3500000e-14 4.2000000e-14 3.9000000e-14 2.7600000e-14
 1.7550000e-14 1.4550000e-13 4.3500000e-14 4.0500000e-14 4.3500000e-14
 4.2000000e-14 3.9000000e-14 1.4550000e-13 4.3500000e-14 4.0500000e-14
 4.3500000e-14 4.2000000e-14 3.9000000e-14 1.4550000e-13 4.3500000e-14
 4.0500000e-14 4.3500000e-14 4.2000000e-14 3.9000000e-14 2.7600000e-14
 1.7550000e-14 2.7600000e-14 1.7550000e-14 2.8310000e-14 2.8310000e-14
 2.8310000e-14 2.8310000e-14 8.1984000e-14 1.0374150e-13 2.1748650e-13
 6.1523000e-14 4.4500000e-14 4.5000000e-14 1.1900000e-14 4.4500000e-14
 4.5000000e-14 1.1900000e-14 8.0000000e-15 4.4500000e-14 4.5000000e-14
 1.1900000e-14 8.0000000e-15 2.4990000e-14 1.2065950e-13 3.6025800e-13
 2.4929000e-13 3.6025800e-13 2.4929000e-13 3.7344000e-14 1.0316250e-13
 1.3770000e-14 2.1560000e-14 3.8269000e-14 1.3340250e-14 4.0425000e-15
 2.9914500e-15 3.3957000e-14 2.1560000e-14 3.8269000e-14 1.3340250e-14
 4.0425000e-15 2.9914500e-15 3.3957000e-14 2.1560000e-14 3.8269000e-14
 1.3340250e-14 4.0425000e-15 2.9914500e-15 3.3957000e-14 2.1560000e-14
 3.8269000e-14 1.3340250e-14 4.0425000e-15 2.9914500e-15 3.3957000e-14
 2.1560000e-14 3.8269000e-14 1.3340250e-14 4.0425000e-15 2.9914500e-15
 3.3957000e-14 2.1560000e-14 3.8269000e-14 1.3340250e-14 4.0425000e-15
 2.9914500e-15 3.3957000e-14 4.2872000e-14 8.9040000e-15 9.8000000e-15
 5.8800000e-15 8.8900000e-15 2.8000000e-15 8.9320000e-15 9.5886000e-15
 9.8000000e-15 5.8800000e-15 8.8900000e-15 2.8000000e-15 8.9320000e-15
 9.8000000e-15 5.8800000e-15 8.8900000e-15 2.8000000e-15 8.9320000e-15
 2.8000000e-15 9.8000000e-15 5.8800000e-15 8.8900000e-15 2.8000000e-15
 8.9320000e-15 7.1708000e-15 1.0819200e-14 8.2500000e-15 3.4200000e-15
 7.8000000e-15 2.1000000e-15 2.2500000e-15 8.2500000e-15 3.4200000e-15
 7.8000000e-15 2.1000000e-15 2.2500000e-15 8.2500000e-15 3.4200000e-15
 7.8000000e-15 2.1000000e-15 2.2500000e-15 2.1000000e-15 8.2500000e-15
 3.4200000e-15 7.8000000e-15 2.1000000e-15 2.2500000e-15 1.5096000e-15
 9.7455000e-16 6.0733600e-15 1.1142800e-14 5.8740000e-15 5.7672000e-15
 9.9680000e-15 6.0733600e-15 1.1142800e-14 5.8740000e-15 5.7672000e-15
 9.9680000e-15 6.0733600e-15 1.1142800e-14 5.8740000e-15 5.7672000e-15
 9.9680000e-15 6.0733600e-15 1.1142800e-14 5.8740000e-15 5.7672000e-15
 9.9680000e-15 6.0733600e-15 1.1142800e-14 5.8740000e-15 5.7672000e-15
 9.9680000e-15 1.1325000e-16 2.5670000e-16 1.1325000e-16 2.5670000e-16
 5.6760000e-15 3.8480000e-16 1.0382200e-14 3.8480000e-16 1.0382200e-14
 4.8000000e-14 8.0712000e-15 2.0520000e-14 6.7260000e-15 8.0712000e-15
 2.0520000e-14 6.7260000e-15 8.0712000e-15 2.0520000e-14 6.7260000e-15
 1.2624000e-14 1.2624000e-14 1.2624000e-14 1.2624000e-14 1.2624000e-14
 1.2624000e-14 1.2624000e-14 1.2624000e-14 1.2624000e-14 3.4125000e-14
 3.4125000e-14 1.3420000e-14 1.9654315e-14 2.8080000e-14 2.8080000e-14
 3.6239000e-14 3.6239000e-14 3.6239000e-14 3.1913700e-14 3.1913700e-14
 3.1913700e-14 3.1122000e-14 3.1122000e-14 3.1122000e-14 3.8400000e-14] erg / (s cm2)"
9,NGC1961,NVSS J054204+692234,,,,9.933316958538483e+38,3.314916010020314e+37,1.2091008782212729e+40,6.497552157919813e+38,2.7760501938833816e+40,2.895277553396136e+39,"[2.99792458e-15 8.98200000e-17 4.49100000e-17 2.91000000e-15
 2.76450000e-15 2.91000000e-15 2.76450000e-15 4.67500000e-16
 2.69500000e-15 5.47800000e-17 1.95600000e-17 2.65165000e-15
 2.28060000e-15 2.10000000e-15 2.47940000e-15 1.75825000e-15
 1.37410000e-15 6.49720000e-16 6.51200000e-16 1.15000000e-15
 1.25400000e-15 9.12000000e-16 1.25400000e-15 9.12000000e-16] erg / (s cm2)","[2.99792458e-15 8.98200000e-17 4.49100000e-17 2.91000000e-15
 2.76450000e-15 2.91000000e-15 2.76450000e-15 4.67500000e-16
 2.69500000e-15 5.47800000e-17 1.95600000e-17 2.65165000e-15
 2.28060000e-15 2.10000000e-15 2.47940000e-15 1.75825000e-15
 1.37410000e-15 6.49720000e-16 6.51200000e-16 1.15000000e-15
 1.25400000e-15 9.12000000e-16 1.25400000e-15 9.12000000e-16] erg / (s cm2)","[2.99792458e-16 2.99400000e-17 4.99000000e-18 3.39500000e-16
 4.14675000e-16 3.39500000e-16 4.14675000e-16 5.10000000e-17
 5.39000000e-16 6.64000000e-18 3.26000000e-18 3.36950000e-16
 7.28000000e-17 4.90000000e-16 8.40000000e-17 6.50000000e-17
 6.04000000e-17 5.62400000e-17 8.88000000e-17 2.87500000e-16
 3.04000000e-16 1.36800000e-16 3.04000000e-16 1.36800000e-16] erg / (s cm2)"
10,NGC2273,NVSS J065008+605044,NVSS J065008.6+605044,,,7.944880148038098e+37,2.919045361285339e+36,6.128145146126365e+39,3.779200355133988e+38,9.833742767943722e+40,5.0795321410098616e+39,"[1.3819e-15 2.0160e-16 1.1340e-15 2.1340e-15 2.2310e-15 2.1340e-15
 2.2310e-15 3.7400e-16 1.9971e-15 8.8760e-16 9.0440e-16 4.1275e-16
 2.2940e-16] erg / (s cm2)","[1.3819e-15 2.0160e-16 1.1340e-15 2.1340e-15 2.2310e-15 2.1340e-15
 2.2310e-15 3.7400e-16 1.9971e-15 8.8760e-16 9.0440e-16 4.1275e-16
 2.2940e-16] erg / (s cm2)","[4.2520e-16 1.6800e-17 5.8800e-17 2.9100e-16 3.3465e-16 2.9100e-16
 3.3465e-16 4.2500e-17 1.9020e-16 3.3600e-17 3.0800e-17 1.6250e-17
 4.3660e-17] erg / (s cm2)"
11,NGC2655,NVSS J085538+781324,NVSS J085538.1+781323,,,9.61557495433098e+37,2.8877944634359564e+36,1.5819131595800152e+40,5.8294260259427506e+38,6.400428402796421e+40,4.060348932242261e+39,[1.582e-15 1.729e-15 1.582e-15 4.379e-16] erg / (s cm2),[1.582e-15 1.729e-15 1.582e-15 4.379e-16] erg / (s cm2),[7.00e-17 5.18e-17 7.00e-17 6.04e-17] erg / (s cm2)
12,NGC2681,,NVSS J085332.7+511848,,FIRSTJ085332.7+511849,,,,,,,[1.470e-16 1.428e-16 6.825e-17] erg / (s cm2),[1.470e-16 1.428e-16 6.825e-17] erg / (s cm2),[1.40e-17 1.54e-17 1.30e-17] erg / (s cm2)
13,NGC2683,,,,FIRSTJ085241.2+332518,,,1.104713797259315e+38,1.1274841632134017e+37,3.0407610481692733e+39,1.6950103678248598e+38,[4.30000e-15 1.30950e-15 9.28200e-16 1.77975e-17 1.70800e-17 1.70800e-17] erg / (s cm2),[4.30000e-15 1.30950e-15 9.28200e-16 1.77975e-17 1.70800e-17 1.70800e-17] erg / (s cm2),[1.000e-15 2.910e-16 7.140e-17 4.725e-19 1.960e-18 1.960e-18] erg / (s cm2)
14,NGC2685,,,,,,,4.6637266756316e+38,5.653053510061085e+37,3.589569035103343e+39,4.966087311607687e+38,[2.6600e-17 6.2874e-16 2.6600e-17 6.2874e-16] erg / (s cm2),[2.6600e-17 6.2874e-16 2.6600e-17 6.2874e-16] erg / (s cm2),[7.00e-18 1.96e-17 7.00e-18 1.96e-17] erg / (s cm2)
15,NGC2768,,NVSS J091137.1+600215,,FIRSTJ091137.4+600214,,,,,,,"[5.310e-16 2.268e-16 2.226e-16 1.911e-16 1.960e-16 1.911e-16 1.960e-16
 1.911e-16 1.960e-16 4.875e-17] erg / (s cm2)","[5.310e-16 2.268e-16 2.226e-16 1.911e-16 1.960e-16 1.911e-16 1.960e-16
 1.911e-16 1.960e-16 4.875e-17] erg / (s cm2)","[1.60e-17 1.40e-17 1.40e-17 5.74e-18 1.40e-17 5.74e-18 1.40e-17 5.74e-18
 1.40e-17 9.75e-18] erg / (s cm2)"
16,NGC2787,,NVSS J091918.5+691208,,,,,1.3739576218691604e+39,2.8195360356988667e+37,1.7223915650565732e+39,9.945936753685744e+37,"[1.4784e-14 2.0400e-15 1.9500e-15 2.0250e-15 2.0550e-15 2.0400e-15
 1.9500e-15 2.0250e-15 2.0550e-15 2.0400e-15 1.9500e-15 2.0250e-15
 2.0550e-15 2.0400e-15 1.9500e-15 2.0250e-15 2.0550e-15 2.0400e-15
 1.9500e-15 2.0250e-15 2.0550e-15 1.2096e-15 1.3104e-15 1.3104e-15
 1.3104e-15 1.3104e-15 1.3104e-15 1.3104e-15 1.3104e-15 1.3104e-15
 1.3104e-15 1.3104e-15 1.3104e-15 1.3104e-15 1.3104e-15 1.3104e-15
 1.3104e-15 1.3104e-15 7.8500e-16 7.9000e-16 7.8500e-16 7.9000e-16
 1.5260e-16 1.5820e-16 1.5260e-16] erg / (s cm2)","[1.4784e-14 2.0400e-15 1.9500e-15 2.0250e-15 2.0550e-15 2.0400e-15
 1.9500e-15 2.0250e-15 2.0550e-15 2.0400e-15 1.9500e-15 2.0250e-15
 2.0550e-15 2.0400e-15 1.9500e-15 2.0250e-15 2.0550e-15 2.0400e-15
 1.9500e-15 2.0250e-15 2.0550e-15 1.2096e-15 1.3104e-15 1.3104e-15
 1.3104e-15 1.3104e-15 1.3104e-15 1.3104e-15 1.3104e-15 1.3104e-15
 1.3104e-15 1.3104e-15 1.3104e-15 1.3104e-15 1.3104e-15 1.3104e-15
 1.3104e-15 1.3104e-15 7.8500e-16 7.9000e-16 7.8500e-16 7.9000e-16
 1.5260e-16 1.5820e-16 1.5260e-16] erg / (s cm2)","[2.304e-15 2.550e-17 2.550e-17 2.550e-17 2.550e-17 2.550e-17 2.550e-17
 2.550e-17 2.550e-17 2.550e-17 2.550e-17 2.550e-17 2.550e-17 2.550e-17
 2.550e-17 2.550e-17 2.550e-17 2.550e-17 2.550e-17 2.550e-17 2.550e-17
 5.880e-17 5.040e-18 5.040e-18 5.040e-18 5.040e-18 5.040e-18 5.040e-18
 5.040e-18 5.040e-18 5.040e-18 5.040e-18 5.040e-18 5.040e-18 5.040e-18
 5.040e-18 5.040e-18 5.040e-18 5.000e-18 5.000e-18 5.000e-18 5.000e-18
 7.000e-18 8.400e-18 7.000e-18] erg / (s cm2)"
17,NGC2841,,,,,,,,,,,[1.6500e-15 5.0260e-16 1.3398e-15 1.3650e-15 8.1250e-16 4.0250e-16] erg / (s cm2),[1.6500e-15 5.0260e-16 1.3398e-15 1.3650e-15 8.1250e-16 4.0250e-16] erg / (s cm2),[5.000e-16 5.320e-17 5.880e-17 9.555e-17 5.200e-17 1.725e-16] erg / (s cm2)
18,NGC2911,NVSS J093346+100909,NVSS J093346.1+100909,FIRST J093346.1+100908,FIRSTJ093346.1+100908,2.1949416166696093e+38,6.604249297347448e+36,1.5026165173110748e+40,5.500210761411505e+38,1.5567963340815855e+40,1.801770467120172e+39,"[9.5190e-15 1.1000e-14 4.4000e-15 3.5405e-15 3.3950e-15 3.5405e-15
 3.3950e-15 3.1801e-15 2.6656e-15 7.8400e-16 7.8400e-16 8.2040e-16] erg / (s cm2)","[9.5190e-15 1.1000e-14 4.4000e-15 3.5405e-15 3.3950e-15 3.5405e-15
 3.3950e-15 3.1801e-15 2.6656e-15 7.8400e-16 7.8400e-16 8.2040e-16] erg / (s cm2)","[9.5190e-16 1.1500e-15 9.0000e-16 5.8200e-16 5.0925e-16 5.8200e-16
 5.0925e-16 5.3900e-16 1.1900e-16 2.8000e-17 2.8000e-17 3.0800e-17] erg / (s cm2)"
19,NGC2985,,NVSS J095022.6+721646,,,,,,,,,[1.7000e-16 5.6980e-16 6.1740e-16 3.7375e-16 4.3790e-16] erg / (s cm2),[1.7000e-16 5.6980e-16 6.1740e-16 3.7375e-16 4.3790e-16] erg / (s cm2),[3.40e-17 1.96e-17 3.22e-17 3.25e-17 6.04e-17] erg / (s cm2)
20,NGC3031,NVSS J095533+690355,NVSS J095533.2+690354,,,0.0,0.0,0.0,0.0,0.0,0.0,"[4.37416800e-13 1.97308000e-13 1.63213600e-13 1.54924931e-13
 1.01464000e-13 4.01700000e-13 7.83030500e-14 1.02319400e-13
 1.94166000e-13 5.12250000e-14 5.07450000e-14 5.11350000e-14
 5.10900000e-14 5.12250000e-14 5.07450000e-14 5.11350000e-14
 5.10900000e-14 5.12250000e-14 5.07450000e-14 5.11350000e-14
 5.10900000e-14 5.12250000e-14 5.07450000e-14 5.11350000e-14
 5.10900000e-14 5.12250000e-14 5.07450000e-14 5.11350000e-14
 5.10900000e-14 2.34108000e-14 2.34444000e-14 2.34024000e-14
 2.34108000e-14 2.34108000e-14 2.34444000e-14 2.34024000e-14
 2.34108000e-14 2.34108000e-14 2.34444000e-14 2.34024000e-14
 2.34108000e-14 2.34108000e-14 2.34444000e-14 2.34024000e-14
 2.34108000e-14 2.34108000e-14 2.34444000e-14 2.34024000e-14
 2.34108000e-14 1.04550000e-14 1.04350000e-14 1.04550000e-14
 1.04350000e-14 5.90000000e-15 1.04550000e-14 1.04350000e-14
 6.54750000e-15 4.51050000e-15 6.54750000e-15 4.51050000e-15
 1.24460000e-15 1.38000000e-15] erg / (s cm2)","[4.37416800e-13 1.97308000e-13 1.63213600e-13 1.54924931e-13
 1.01464000e-13 4.01700000e-13 7.83030500e-14 1.02319400e-13
 1.94166000e-13 5.12250000e-14 5.07450000e-14 5.11350000e-14
 5.10900000e-14 5.12250000e-14 5.07450000e-14 5.11350000e-14
 5.10900000e-14 5.12250000e-14 5.07450000e-14 5.11350000e-14
 5.10900000e-14 5.12250000e-14 5.07450000e-14 5.11350000e-14
 5.10900000e-14 5.12250000e-14 5.07450000e-14 5.11350000e-14
 5.10900000e-14 2.34108000e-14 2.34444000e-14 2.34024000e-14
 2.34108000e-14 2.34108000e-14 2.34444000e-14 2.34024000e-14
 2.34108000e-14 2.34108000e-14 2.34444000e-14 2.34024000e-14
 2.34108000e-14 2.34108000e-14 2.34444000e-14 2.34024000e-14
 2.34108000e-14 2.34108000e-14 2.34444000e-14 2.34024000e-14
 2.34108000e-14 1.04550000e-14 1.04350000e-14 1.04550000e-14
 1.04350000e-14 5.90000000e-15 1.04550000e-14 1.04350000e-14
 6.54750000e-15 4.51050000e-15 6.54750000e-15 4.51050000e-15
 1.24460000e-15 1.38000000e-15] erg / (s cm2)","[9.4387400e-14 4.1029000e-14 2.9020600e-14 2.3541823e-14 1.3490100e-14
 4.0170000e-14 8.9981500e-15 9.8268000e-15 2.7209000e-14 2.5500000e-17
 2.5500000e-17 2.5500000e-17 2.5500000e-17 2.5500000e-17 2.5500000e-17
 2.5500000e-17 2.5500000e-17 2.5500000e-17 2.5500000e-17 2.5500000e-17
 2.5500000e-17 2.5500000e-17 2.5500000e-17 2.5500000e-17 2.5500000e-17
 2.5500000e-17 2.5500000e-17 2.5500000e-17 2.5500000e-17 5.0400000e-18
 5.0400000e-18 5.0400000e-18 5.0400000e-18 5.0400000e-18 5.0400000e-18
 5.0400000e-18 5.0400000e-18 5.0400000e-18 5.0400000e-18 5.0400000e-18
 5.0400000e-18 5.0400000e-18 5.0400000e-18 5.0400000e-18 5.0400000e-18
 5.0400000e-18 5.0400000e-18 5.0400000e-18 5.0400000e-18 5.0000000e-18
 5.0000000e-18 5.0000000e-18 5.0000000e-18 8.5000000e-16 5.0000000e-18
 5.0000000e-18 9.8212500e-16 4.8500000e-16 9.8212500e-16 4.8500000e-16
 4.4800000e-17 3.4500000e-16] erg / (s cm2)"
21,NGC3079,NVSS J100157+554048,,,,3.1242850419875448e+38,1.1004435382074686e+37,1.1682394291484006e+40,5.724671257932695e+37,5.680176792121429e+39,2.2289389646534894e+38,"[1.15304792e-12 1.69000000e-14 1.01689200e-14 9.29754000e-15
 1.01689200e-14 9.29754000e-15 2.13060000e-14 1.65000000e-14
 7.09050000e-15 1.26651000e-14 7.09050000e-15 1.26651000e-14
 2.72000000e-15 1.58595000e-14 1.55685000e-14 1.58595000e-14
 1.55685000e-14 2.39400000e-15 1.11340000e-14 8.62860000e-15
 1.07898000e-14 1.05616000e-14 1.21485000e-14 3.80695000e-15
 7.16300000e-15 6.05200000e-15 5.75310000e-15 5.97960000e-15
 5.75310000e-15 5.97960000e-15 2.88008000e-15 3.68520000e-15
 3.96750000e-15 3.99000000e-15 3.11600000e-15 3.99000000e-15
 3.11600000e-15] erg / (s cm2)","[1.15304792e-12 1.69000000e-14 1.01689200e-14 9.29754000e-15
 1.01689200e-14 9.29754000e-15 2.13060000e-14 1.65000000e-14
 7.09050000e-15 1.26651000e-14 7.09050000e-15 1.26651000e-14
 2.72000000e-15 1.58595000e-14 1.55685000e-14 1.58595000e-14
 1.55685000e-14 2.39400000e-15 1.11340000e-14 8.62860000e-15
 1.07898000e-14 1.05616000e-14 1.21485000e-14 3.80695000e-15
 7.16300000e-15 6.05200000e-15 5.75310000e-15 5.97960000e-15
 5.75310000e-15 5.97960000e-15 2.88008000e-15 3.68520000e-15
 3.96750000e-15 3.99000000e-15 3.11600000e-15 3.99000000e-15
 3.11600000e-15] erg / (s cm2)","[2.30609583e-13 1.30000000e-15 1.60740000e-16 1.43820000e-16
 1.60740000e-16 1.43820000e-16 3.19590000e-15 1.65000000e-15
 4.10760000e-16 6.35700000e-16 4.10760000e-16 6.35700000e-16
 2.38000000e-16 1.64900000e-15 2.33527500e-15 1.64900000e-15
 2.33527500e-15 7.87500000e-17 4.54150000e-16 4.38000000e-16
 3.79400000e-16 3.17800000e-16 1.36500000e-16 1.16800000e-16
 2.17750000e-16 9.07800000e-16 6.04000000e-17 1.35900000e-16
 6.04000000e-17 1.35900000e-16 9.54600000e-17 3.92200000e-16
 6.90000000e-16 3.99000000e-16 4.67400000e-16 3.99000000e-16
 4.67400000e-16] erg / (s cm2)"
22,NGC3147,NVSS J101653+732403,NVSS J101653.8+732403,,,2.953748263247196e+38,1.1171017104262348e+37,1.6699543613342869e+41,1.745312935296451e+39,3.9804046028216296e+41,8.354209957634141e+39,"[6.06209000e-12 8.39418882e-15 1.19916983e-14 5.07341083e-15
 4.99654097e-15 5.19640261e-15 4.99654097e-15 5.19640261e-15
 5.29633342e-15 3.26400000e-15 4.53600000e-15 1.86480000e-15
 1.24740000e-15 7.47600000e-16 4.20000000e-16 4.64070000e-16
 4.99000000e-16 2.13400000e-15 2.27950000e-15 2.13400000e-15
 2.27950000e-15 3.40000000e-16 1.49500000e-16 1.13900000e-16
 1.42760000e-16 9.78000000e-17 1.24525000e-15 1.24040000e-15
 1.29500000e-15 5.36250000e-16 4.13660000e-16] erg / (s cm2)","[6.06209000e-12 8.39418882e-15 1.19916983e-14 5.07341083e-15
 4.99654097e-15 5.19640261e-15 4.99654097e-15 5.19640261e-15
 5.29633342e-15 3.26400000e-15 4.53600000e-15 1.86480000e-15
 1.24740000e-15 7.47600000e-16 4.20000000e-16 4.64070000e-16
 4.99000000e-16 2.13400000e-15 2.27950000e-15 2.13400000e-15
 2.27950000e-15 3.40000000e-16 1.49500000e-16 1.13900000e-16
 1.42760000e-16 9.78000000e-17 1.24525000e-15 1.24040000e-15
 1.29500000e-15 5.36250000e-16 4.13660000e-16] erg / (s cm2)","[6.17660000e-13 1.49896229e-15 1.19916983e-15 9.22438332e-16
 2.99792458e-16 1.99861639e-16 2.99792458e-16 1.99861639e-16
 1.99861639e-16 1.44000000e-15 2.20320000e-15 3.77400000e-16
 6.16000000e-17 4.20000000e-17 5.00000000e-17 2.49500000e-17
 4.99000000e-18 3.20100000e-16 2.91000000e-16 3.20100000e-16
 2.91000000e-16 4.25000000e-17 1.84000000e-17 1.70000000e-17
 4.98000000e-18 3.26000000e-18 1.46500000e-16 4.20000000e-17
 4.90000000e-17 3.57500000e-17 6.14200000e-17] erg / (s cm2)"
23,NGC3169,NVSS J101415+032757,NVSS J101415.1+032757,,FIRSTJ101415.0+032757,4.811029041211484e+37,1.8248730582287535e+36,,,,,"[7.7760e-15 7.4760e-16 2.2310e-15 2.0370e-15 2.1825e-15 2.2310e-15
 2.0370e-15 2.1825e-15 2.2310e-15 2.0370e-15 2.1825e-15 1.3090e-15
 1.2488e-15] erg / (s cm2)","[7.7760e-15 7.4760e-16 2.2310e-15 2.0370e-15 2.1825e-15 2.2310e-15
 2.0370e-15 2.1825e-15 2.2310e-15 2.0370e-15 2.1825e-15 1.3090e-15
 1.2488e-15] erg / (s cm2)","[3.84000e-15 4.20000e-17 4.85000e-16 5.33500e-16 3.27375e-16 4.85000e-16
 5.33500e-16 3.27375e-16 4.85000e-16 5.33500e-16 3.27375e-16 9.52000e-17
 4.76000e-17] erg / (s cm2)"
24,NGC3190,,,,,,,,,,,[2.500e-15 5.236e-16 4.983e-16 1.725e-16] erg / (s cm2),[2.500e-15 5.236e-16 4.983e-16 1.725e-16] erg / (s cm2),[8.000000e-16 7.140000e-17 1.021515e-16 1.150000e-16] erg / (s cm2)
25,NGC3193,,,,,,,,,,,[-9.52e-17 -1.40e-18  6.72e-18 -1.40e-18  6.72e-18] erg / (s cm2),[-9.52e-17 -1.40e-18  6.72e-18 -1.40e-18  6.72e-18] erg / (s cm2),[9.52e-17 7.00e-18 1.12e-18 7.00e-18 1.12e-18] erg / (s cm2)
26,NGC3226,,,,FIRSTJ102327.0+195354,,,9.780510187304071e+39,4.235549274643558e+37,2.7036151065650427e+40,2.136544656216611e+38,[8.064e-15 8.232e-16 2.856e-16 4.480e-17 4.480e-17] erg / (s cm2),[8.064e-15 8.232e-16 2.856e-16 4.480e-17 4.480e-17] erg / (s cm2),[1.728e-15 4.200e-17 9.520e-17 5.600e-18 5.600e-18] erg / (s cm2)
27,NGC3227,NVSS J102330+195154,NVSS J102330.5+195154,FIRST J102330.5+195154,FIRSTJ102330.5+195154,3.4600222025794456e+37,1.2420592522080061e+36,1.2146475114747357e+41,7.302303050447727e+37,7.065743025072491e+41,5.7619833209775186e+38,"[1.84000e-15 1.71150e-15 1.34475e-15 1.71150e-15 1.34475e-15 2.13400e-15
 2.23100e-15 2.13400e-15 2.23100e-15 1.90400e-15 1.47460e-15 1.40980e-15
 6.64400e-16] erg / (s cm2)","[1.84000e-15 1.71150e-15 1.34475e-15 1.71150e-15 1.34475e-15 2.13400e-15
 2.23100e-15 2.13400e-15 2.23100e-15 1.90400e-15 1.47460e-15 1.40980e-15
 6.64400e-16] erg / (s cm2)","[2.400000e-16 9.291000e-17 6.846000e-17 9.291000e-17 6.846000e-17
 3.201000e-16 3.880000e-16 3.201000e-16 3.880000e-16 9.520000e-17
 8.030000e-17 5.600000e-17 1.421816e-16] erg / (s cm2)"
28,NGC3245,NVSS J102718+283027,,FIRST J102718.3+283026,,4.3338035924155885e+36,3.2341817853847675e+35,4.1787199555466965e+39,4.6128761314175384e+38,8.515970261693566e+39,2.732260836731091e+39,"[2.380e-17 9.380e-17 9.870e-17 8.288e-17 1.008e-16 8.288e-17 1.008e-16
 8.288e-17 1.008e-16 9.380e-17 9.870e-17 9.380e-17 9.870e-17] erg / (s cm2)","[2.380e-17 9.380e-17 9.870e-17 8.288e-17 1.008e-16 8.288e-17 1.008e-16
 8.288e-17 1.008e-16 9.380e-17 9.870e-17 9.380e-17 9.870e-17] erg / (s cm2)","[7.140e-17 7.000e-18 3.080e-18 4.144e-18 7.000e-18 4.144e-18 7.000e-18
 4.144e-18 7.000e-18 7.000e-18 3.080e-18 7.000e-18 3.080e-18] erg / (s cm2)"
29,NGC3301,,NVSS J103655.9+215257,,FIRSTJ103656.0+215255,,,,,,,[5.20e-17 7.14e-17 6.44e-17] erg / (s cm2),[5.20e-17 7.14e-17 6.44e-17] erg / (s cm2),[2.50e-18 9.52e-17 7.00e-18] erg / (s cm2)
30,NGC3379,,,,,,,,,,,[-2.38e-17  2.80e-17  3.78e-17  2.80e-17] erg / (s cm2),[-2.38e-17  2.80e-17  3.78e-17  2.80e-17] erg / (s cm2),[9.52e-17 7.00e-18 7.00e-18 7.00e-18] erg / (s cm2)
31,NGC3414,NVSS J105116+275829,NVSS J105116.3+275829,FIRST J105116.2+275830,FIRSTJ105116.2+275830,3.455392769672088e+36,3.1412662010558656e+35,,,,,[1.904e-16 6.160e-17 6.160e-17 6.580e-17] erg / (s cm2),[1.904e-16 6.160e-17 6.160e-17 6.580e-17] erg / (s cm2),[9.52e-17 5.60e-18 5.60e-18 7.00e-18] erg / (s cm2)
32,NGC3489,,,,,,,,,,,[-2.380e-17  1.176e-17  2.100e-17  1.176e-17  2.100e-17] erg / (s cm2),[-2.380e-17  1.176e-17  2.100e-17  1.176e-17  2.100e-17] erg / (s cm2),[7.14e-17 1.40e-18 7.00e-18 1.40e-18 7.00e-18] erg / (s cm2)
33,NGC3516,,NVSS J110647.7+723410,,,,,1.428664973142348e+42,8.3163015825628e+38,5.3973548970970174e+42,5.817228258439706e+39,"[1.06000e-15 3.27600e-16 5.18340e-16 3.13938e-16 5.18340e-16 3.13938e-16
 2.26300e-16 4.53600e-16 4.34000e-16 4.34000e-16] erg / (s cm2)","[1.06000e-15 3.27600e-16 5.18340e-16 3.13938e-16 5.18340e-16 3.13938e-16
 2.26300e-16 4.53600e-16 4.34000e-16 4.34000e-16] erg / (s cm2)","[2.0000e-16 1.7640e-17 4.8900e-17 2.2494e-17 4.8900e-17 2.2494e-17
 1.6060e-17 1.9600e-17 1.4000e-17 1.4000e-17] erg / (s cm2)"
34,NGC3607,NVSS J111654+180304,NVSS J111654.6+180304,FIRST J111654.6+180306,FIRSTJ111654.6+180306,2.313912612111865e+36,1.3413986357054203e+35,4.2258559661867567e+39,8.991765279592536e+37,3.4230839878375496e+39,4.928068708347903e+38,"[1.025e-16 1.428e-16 1.008e-16 7.658e-17 9.660e-17 7.658e-17 9.660e-17
 7.658e-17 9.660e-17] erg / (s cm2)","[1.025e-16 1.428e-16 1.008e-16 7.658e-17 9.660e-17 7.658e-17 9.660e-17
 7.658e-17 9.660e-17] erg / (s cm2)","[3.50e-18 9.52e-17 7.00e-18 2.38e-18 5.60e-18 2.38e-18 5.60e-18 2.38e-18
 5.60e-18] erg / (s cm2)"
35,NGC3626,,NVSS J112003.9+182125,,FIRSTJ112003.8+182125,,,,,,,"[3.300e-17 2.856e-16 1.400e-16 6.370e-17 1.400e-16 6.370e-17 1.666e-16
 1.400e-16 6.370e-17] erg / (s cm2)","[3.300e-17 2.856e-16 1.400e-16 6.370e-17 1.400e-16 6.370e-17 1.666e-16
 1.400e-16 6.370e-17] erg / (s cm2)","[2.50e-18 7.14e-17 1.40e-17 2.10e-18 1.40e-17 2.10e-18 1.82e-17 1.40e-17
 2.10e-18] erg / (s cm2)"
36,NGC3627,NVSS J112015+125902,,,,6.177256823822221e+37,1.9683854553192255e+36,,,,,"[1.61426708e-12 9.01800000e-15 8.85000000e-15 7.35000000e-15
 6.83850000e-15 6.64450000e-15 6.83850000e-15 6.64450000e-15
 6.17155000e-15 4.97420000e-15 5.41500000e-15 6.34200000e-15
 6.34200000e-15 6.82500000e-15 3.79440000e-15 3.15735000e-15
 8.14000000e-16 1.32250000e-15] erg / (s cm2)","[1.61426708e-12 9.01800000e-15 8.85000000e-15 7.35000000e-15
 6.83850000e-15 6.64450000e-15 6.83850000e-15 6.64450000e-15
 6.17155000e-15 4.97420000e-15 5.41500000e-15 6.34200000e-15
 6.34200000e-15 6.82500000e-15 3.79440000e-15 3.15735000e-15
 8.14000000e-16 1.32250000e-15] erg / (s cm2)","[2.30609583e-13 9.01800000e-16 1.15000000e-15 1.00000000e-15
 9.70000000e-16 9.96675000e-16 9.70000000e-16 9.96675000e-16
 5.65950000e-16 2.14200000e-16 1.42500000e-16 1.54000000e-16
 1.54000000e-16 1.36500000e-16 2.04000000e-16 9.76500000e-17
 1.40600000e-16 4.02500000e-16] erg / (s cm2)"
37,NGC3628,NVSS J112016+133520,NVSS J112016.9+133520,FIRST J112016.9+133520,FIRSTJ112016.9+133520,7.394670235545901e+37,2.2085008458231348e+36,,,,,"[1.15304792e-12 1.00200000e-14 1.12000000e-14 1.33860000e-14
 1.37255000e-14 1.33860000e-14 1.37255000e-14 7.44940000e-15
 2.75625000e-15 4.73200000e-15 4.08380000e-15 8.05350000e-15
 3.38640000e-15 1.75200000e-15 1.43560000e-15 1.66750000e-15] erg / (s cm2)","[1.15304792e-12 1.00200000e-14 1.12000000e-14 1.33860000e-14
 1.37255000e-14 1.33860000e-14 1.37255000e-14 7.44940000e-15
 2.75625000e-15 4.73200000e-15 4.08380000e-15 8.05350000e-15
 3.38640000e-15 1.75200000e-15 1.43560000e-15 1.66750000e-15] erg / (s cm2)","[2.30609583e-13 1.00200000e-15 1.20000000e-15 1.84300000e-15
 2.05882500e-15 1.84300000e-15 2.05882500e-15 3.09400000e-16
 6.30000000e-17 1.26000000e-16 1.23200000e-16 1.36500000e-16
 2.04000000e-16 9.85500000e-17 2.44200000e-16 4.02500000e-16] erg / (s cm2)"
38,NGC3642,,NVSS J112218.4+590429,,,,,,,,,[2.930e-16 5.320e-16 4.802e-16 1.235e-16 2.718e-16] erg / (s cm2),[2.930e-16 5.320e-16 4.802e-16 1.235e-16 2.718e-16] erg / (s cm2),[2.930e-17 3.780e-17 4.760e-17 2.925e-17 6.040e-17] erg / (s cm2)
39,NGC3675,NVSS J112608+433512,NVSS J112608.7+433512,,FIRSTJ112608.5+433507,1.0079404151745554e+37,5.2134851132405644e+35,,,,,[1.7000e-16 6.8460e-16 6.2440e-16 3.6725e-16] erg / (s cm2),[1.7000e-16 6.8460e-16 6.2440e-16 3.6725e-16] erg / (s cm2),[3.40e-17 3.64e-17 2.38e-17 1.30e-17] erg / (s cm2)
40,NGC3718,NVSS J113234+530403,NVSS J113234.8+530403,,FIRSTJ113234.8+530404,5.291960064195315e+36,3.1964858601380016e+35,5.950958261531721e+39,7.864027954988811e+37,4.780276234344882e+40,6.975112918436561e+38,"[4.19709441e-14 1.09923901e-14 1.06560000e-14 1.72500000e-15
 1.81500000e-15 1.84500000e-15 1.68000000e-15 1.72500000e-15
 1.81500000e-15 1.84500000e-15 1.68000000e-15 1.72500000e-15
 1.81500000e-15 1.84500000e-15 1.68000000e-15 1.72500000e-15
 1.81500000e-15 1.84500000e-15 1.68000000e-15 1.72500000e-15
 1.81500000e-15 1.84500000e-15 1.68000000e-15 5.54400000e-16
 5.54400000e-16 5.62800000e-16 5.54400000e-16 5.54400000e-16
 5.54400000e-16 5.62800000e-16 5.54400000e-16 5.54400000e-16
 5.54400000e-16 5.62800000e-16 5.54400000e-16 5.54400000e-16
 5.54400000e-16 5.62800000e-16 5.54400000e-16 3.40000000e-16
 3.50000000e-16 3.40000000e-16 3.50000000e-16 3.04390000e-16
 3.54290000e-16 1.61500000e-16 6.64000000e-17 7.66100000e-17
 2.25400000e-16 2.31000000e-16 3.90000000e-17 2.78988000e-17] erg / (s cm2)","[4.19709441e-14 1.09923901e-14 1.06560000e-14 1.72500000e-15
 1.81500000e-15 1.84500000e-15 1.68000000e-15 1.72500000e-15
 1.81500000e-15 1.84500000e-15 1.68000000e-15 1.72500000e-15
 1.81500000e-15 1.84500000e-15 1.68000000e-15 1.72500000e-15
 1.81500000e-15 1.84500000e-15 1.68000000e-15 1.72500000e-15
 1.81500000e-15 1.84500000e-15 1.68000000e-15 5.54400000e-16
 5.54400000e-16 5.62800000e-16 5.54400000e-16 5.54400000e-16
 5.54400000e-16 5.62800000e-16 5.54400000e-16 5.54400000e-16
 5.54400000e-16 5.62800000e-16 5.54400000e-16 5.54400000e-16
 5.54400000e-16 5.62800000e-16 5.54400000e-16 3.40000000e-16
 3.50000000e-16 3.40000000e-16 3.50000000e-16 3.04390000e-16
 3.54290000e-16 1.61500000e-16 6.64000000e-17 7.66100000e-17
 2.25400000e-16 2.31000000e-16 3.90000000e-17 2.78988000e-17] erg / (s cm2)","[2.39833966e-15 1.99861639e-15 3.36000000e-15 2.55000000e-17
 2.55000000e-17 2.55000000e-17 2.55000000e-17 2.55000000e-17
 2.55000000e-17 2.55000000e-17 2.55000000e-17 2.55000000e-17
 2.55000000e-17 2.55000000e-17 2.55000000e-17 2.55000000e-17
 2.55000000e-17 2.55000000e-17 2.55000000e-17 2.55000000e-17
 2.55000000e-17 2.55000000e-17 2.55000000e-17 5.04000000e-18
 5.04000000e-18 5.04000000e-18 5.04000000e-18 5.04000000e-18
 5.04000000e-18 5.04000000e-18 5.04000000e-18 5.04000000e-18
 5.04000000e-18 5.04000000e-18 5.04000000e-18 5.04000000e-18
 5.04000000e-18 5.04000000e-18 5.04000000e-18 5.00000000e-18
 5.00000000e-18 5.00000000e-18 5.00000000e-18 1.49700000e-17
 9.98000000e-18 3.40000000e-17 9.96000000e-18 4.89000000e-18
 1.12000000e-17 1.68000000e-17 9.75000000e-18 5.80120500e-18] erg / (s cm2)"
41,NGC3735,NVSS J113557+703209,NVSS J113557.0+703209,,,2.331078922249942e+38,8.694000771974731e+36,2.143686336527979e+40,8.774188765370047e+38,1.8835882298086023e+39,3.00216522627049e+39,"[2.4650e-16 1.3580e-15 2.9925e-17 1.0548e-15 1.2222e-15 1.2264e-15
 5.8175e-16 3.9146e-16] erg / (s cm2)","[2.4650e-16 1.3580e-15 2.9925e-17 1.0548e-15 1.2222e-15 1.2264e-15
 5.8175e-16 3.9146e-16] erg / (s cm2)","[3.400e-17 2.425e-16 3.150e-18 5.860e-17 4.060e-17 4.620e-17 2.275e-17
 5.920e-17] erg / (s cm2)"
42,NGC3900,,,,,,,,,,,[-9.52e-17  1.82e-17  4.62e-17  1.82e-17] erg / (s cm2),[-9.52e-17  1.82e-17  4.62e-17  1.82e-17] erg / (s cm2),[1.19e-16 7.00e-18 8.40e-18 7.00e-18] erg / (s cm2)
43,NGC3982,NVSS J115627+550730,NVSS J115627.9+550730,,FIRSTJ115628.1+550731,2.5591576557947186e+37,1.043628100407395e+36,4.827483379057234e+39,1.3999153050080205e+38,7.598967500389905e+39,6.985631018667703e+38,"[2.21000000e-16 1.16400000e-15 8.02200000e-16 8.07800000e-16
 5.75250000e-16 4.70022495e-16 1.87960000e-16] erg / (s cm2)","[2.21000000e-16 1.16400000e-15 8.02200000e-16 8.07800000e-16
 5.75250000e-16 4.70022495e-16 1.87960000e-16] erg / (s cm2)","[4.250000e-17 1.746000e-16 2.940000e-17 3.360000e-17 3.575000e-17
 9.411303e-17 4.588000e-17] erg / (s cm2)"
44,NGC3998,NVSS J115756+552712,NVSS J115756.1+552712,FIRST J115756.1+552713,FIRSTJ115756.1+552713,4.156573927468085e+37,1.2672481486183186e+36,1.962590225022687e+41,7.065031474705881e+38,3.1405366035108715e+41,2.6624159475785372e+39,"[2.9400000e-14 2.5950000e-14 2.9400000e-14 2.5950000e-14 3.6500000e-15
 7.4800000e-16 4.1225000e-15 3.9770000e-15 4.1225000e-15 3.9770000e-15
 1.3720000e-15 1.5008000e-15 1.4196000e-15 1.3720000e-15 3.1525000e-16
 3.3220000e-16 1.8993513e-16] erg / (s cm2)","[2.9400000e-14 2.5950000e-14 2.9400000e-14 2.5950000e-14 3.6500000e-15
 7.4800000e-16 4.1225000e-15 3.9770000e-15 4.1225000e-15 3.9770000e-15
 1.3720000e-15 1.5008000e-15 1.4196000e-15 1.3720000e-15 3.1525000e-16
 3.3220000e-16 1.8993513e-16] erg / (s cm2)","[4.500000e-16 4.500000e-16 4.500000e-16 4.500000e-16 6.500000e-16
 6.800000e-17 4.850000e-16 5.965500e-16 4.850000e-16 5.965500e-16
 4.200000e-17 4.760000e-17 5.180000e-17 4.200000e-17 1.300000e-17
 6.040000e-17 3.826332e-17] erg / (s cm2)"
45,NGC4013,,,,,,,,,,,[1.21275e-16 5.67000e-16 5.46000e-16 2.76250e-16] erg / (s cm2),[1.21275e-16 5.67000e-16 5.46000e-16 2.76250e-16] erg / (s cm2),[6.30e-18 3.22e-17 2.10e-17 3.90e-17] erg / (s cm2)
46,NGC4036,NVSS J120126+615344,NVSS J120126.2+615344,,FIRSTJ120126.6+615344,8.200192288462847e+36,3.534565641578813e+35,,,,,"[1.8650e-16 1.5680e-16 1.6240e-16 1.5064e-16 1.6240e-16 1.5064e-16
 1.6660e-16 1.6240e-16 1.5064e-16 9.1000e-17] erg / (s cm2)","[1.8650e-16 1.5680e-16 1.6240e-16 1.5064e-16 1.6240e-16 1.5064e-16
 1.6660e-16 1.6240e-16 1.5064e-16 9.1000e-17] erg / (s cm2)","[2.50e-18 7.00e-18 7.00e-18 4.62e-18 7.00e-18 4.62e-18 8.40e-18 7.00e-18
 4.62e-18 1.30e-17] erg / (s cm2)"
47,NGC4051,NVSS J120309+443154,NVSS J120309.2+443153,,FIRSTJ120309.5+443152,1.2999481150795974e+37,5.5082547249135475e+35,1.2782239518913042e+41,5.505508422345321e+37,1.4285776663093105e+41,1.8300726838647544e+38,"[1.48000000e-15 1.00000000e-17 2.25000000e-15 3.60393000e-16
 5.67240000e-16 3.60393000e-16 5.67240000e-16 1.50350000e-15
 1.55200000e-15 1.50350000e-15 1.55200000e-15 1.87000000e-16
 7.20000000e-18 5.86000000e-16 5.92760000e-16 1.37340000e-15
 1.26700000e-15 6.93600000e-16 4.90750000e-16 5.28500000e-16
 1.33565475e-16] erg / (s cm2)","[1.48000000e-15 1.00000000e-17 2.25000000e-15 3.60393000e-16
 5.67240000e-16 3.60393000e-16 5.67240000e-16 1.50350000e-15
 1.55200000e-15 1.50350000e-15 1.55200000e-15 1.87000000e-16
 7.20000000e-18 5.86000000e-16 5.92760000e-16 1.37340000e-15
 1.26700000e-15 6.93600000e-16 4.90750000e-16 5.28500000e-16
 1.33565475e-16] erg / (s cm2)","[2.200000e-16 1.000000e-18 4.500000e-16 2.493900e-17 3.423000e-17
 2.493900e-17 3.423000e-17 2.910000e-16 2.328000e-16 2.910000e-16
 2.328000e-16 3.400000e-17 8.000000e-19 7.325000e-17 3.504000e-17
 6.020000e-17 5.180000e-17 8.160000e-17 1.625000e-17 7.550000e-17
 2.802699e-17] erg / (s cm2)"
48,NGC4111,NVSS J120703+430359,NVSS J120703.2+430359,FIRST J120703.1+430356,FIRSTJ120703.1+430356,2.155046387027382e+36,1.1463012696954159e+35,3.616274279692705e+39,1.2754097618073537e+38,1.6837871968964147e+39,4.917703617221884e+38,"[1.0450e-16 1.3580e-16 1.3160e-16 1.0766e-16 1.3160e-16 1.0766e-16
 1.3160e-16 1.0766e-16] erg / (s cm2)","[1.0450e-16 1.3580e-16 1.3160e-16 1.0766e-16 1.3160e-16 1.0766e-16
 1.3160e-16 1.0766e-16] erg / (s cm2)",[9.50e-18 8.40e-18 7.00e-18 3.64e-18 7.00e-18 3.64e-18 7.00e-18 3.64e-18] erg / (s cm2)
49,NGC4138,,,,,,,1.9273246102250997e+39,7.229250971391089e+37,1.5465871980933142e+41,1.968566307978333e+39,[1.09e-14 2.66e-16 2.87e-16 2.66e-16] erg / (s cm2),[1.09e-14 2.66e-16 2.87e-16 2.66e-16] erg / (s cm2),[1.70e-15 1.40e-17 2.24e-17 1.40e-17] erg / (s cm2)
50,NGC4143,,NVSS J120936.3+423200,,FIRSTJ120936.0+423203,,,9.045218770625958e+39,1.4182095483193413e+38,9.257633887847841e+39,4.38986070074163e+38,"[6.432e-15 8.250e-16 6.750e-16 7.350e-16 8.100e-16 8.250e-16 6.750e-16
 7.350e-16 8.100e-16 8.250e-16 6.750e-16 7.350e-16 8.100e-16 8.250e-16
 6.750e-16 7.350e-16 8.100e-16 8.250e-16 6.750e-16 7.350e-16 8.100e-16
 6.552e-16 6.636e-16 6.636e-16 6.636e-16 6.552e-16 6.636e-16 6.636e-16
 6.636e-16 6.552e-16 6.636e-16 6.636e-16 6.636e-16 6.552e-16 6.636e-16
 6.636e-16 6.636e-16 1.900e-15 4.250e-16 4.150e-16 4.250e-16 4.150e-16
 1.512e-16 1.386e-16 1.596e-16 1.386e-16 3.900e-17] erg / (s cm2)","[6.432e-15 8.250e-16 6.750e-16 7.350e-16 8.100e-16 8.250e-16 6.750e-16
 7.350e-16 8.100e-16 8.250e-16 6.750e-16 7.350e-16 8.100e-16 8.250e-16
 6.750e-16 7.350e-16 8.100e-16 8.250e-16 6.750e-16 7.350e-16 8.100e-16
 6.552e-16 6.636e-16 6.636e-16 6.636e-16 6.552e-16 6.636e-16 6.636e-16
 6.636e-16 6.552e-16 6.636e-16 6.636e-16 6.636e-16 6.552e-16 6.636e-16
 6.636e-16 6.636e-16 1.900e-15 4.250e-16 4.150e-16 4.250e-16 4.150e-16
 1.512e-16 1.386e-16 1.596e-16 1.386e-16 3.900e-17] erg / (s cm2)","[2.592e-15 2.550e-17 2.550e-17 2.550e-17 2.550e-17 2.550e-17 2.550e-17
 2.550e-17 2.550e-17 2.550e-17 2.550e-17 2.550e-17 2.550e-17 2.550e-17
 2.550e-17 2.550e-17 2.550e-17 2.550e-17 2.550e-17 2.550e-17 2.550e-17
 5.040e-18 5.040e-18 5.040e-18 5.040e-18 5.040e-18 5.040e-18 5.040e-18
 5.040e-18 5.040e-18 5.040e-18 5.040e-18 5.040e-18 5.040e-18 5.040e-18
 5.040e-18 5.040e-18 5.500e-16 5.000e-18 5.000e-18 5.000e-18 5.000e-18
 1.400e-17 1.260e-17 1.540e-17 1.260e-17 9.750e-18] erg / (s cm2)"
51,NGC4150,,,,,,,,,,,[9.520e-17 1.680e-17 1.148e-17 1.680e-17 1.148e-17] erg / (s cm2),[9.520e-17 1.680e-17 1.148e-17 1.680e-17 1.148e-17] erg / (s cm2),[1.19e-16 7.00e-18 7.00e-19 7.00e-18 7.00e-19] erg / (s cm2)
52,NGC4151,NVSS J121032+392420,NVSS J121032.5+392420,FIRST J121032.5+392420,FIRSTJ121032.5+392420,1.1807116097241326e+38,3.546074975034343e+36,1.1077145319141379e+41,6.255080771036309e+37,1.9635873864180643e+42,8.745558145630072e+38,"[7.98000e-15 7.90000e-15 6.11250e-15 6.11250e-15 6.11250e-15 6.11250e-15
 7.22650e-15 7.37200e-15 7.22650e-15 7.37200e-15 1.18150e-15 4.61360e-15
 4.86640e-15 5.04140e-15 4.01240e-15 5.04140e-15 4.01240e-15 5.04140e-15
 4.01240e-15 3.10080e-15 3.50472e-15 3.10080e-15 3.50472e-15 3.23755e-15
 2.98675e-15 1.30980e-15 1.56880e-15 1.75306e-15 1.30980e-15 1.56880e-15] erg / (s cm2)","[7.98000e-15 7.90000e-15 6.11250e-15 6.11250e-15 6.11250e-15 6.11250e-15
 7.22650e-15 7.37200e-15 7.22650e-15 7.37200e-15 1.18150e-15 4.61360e-15
 4.86640e-15 5.04140e-15 4.01240e-15 5.04140e-15 4.01240e-15 5.04140e-15
 4.01240e-15 3.10080e-15 3.50472e-15 3.10080e-15 3.50472e-15 3.23755e-15
 2.98675e-15 1.30980e-15 1.56880e-15 1.75306e-15 1.30980e-15 1.56880e-15] erg / (s cm2)","[6.800000e-16 9.000000e-16 3.080700e-16 3.129600e-16 3.080700e-16
 3.129600e-16 1.083975e-15 9.215000e-16 1.083975e-15 9.215000e-16
 1.105000e-16 2.336000e-16 1.456000e-16 1.512000e-16 2.006200e-16
 1.512000e-16 2.006200e-16 1.512000e-16 2.006200e-16 1.224000e-16
 3.264000e-16 1.224000e-16 3.264000e-16 7.300000e-17 9.100000e-17
 2.442000e-16 1.628000e-16 5.402000e-17 2.442000e-16 1.628000e-16] erg / (s cm2)"
53,NGC4168,NVSS J121217+131223,NVSS J121217.1+131223,FIRST J121217.2+131218,FIRSTJ121217.2+131218,1.0704383693387178e+37,7.645988466353519e+35,9.012176281939841e+39,2.942802109282928e+38,9.146117613613473e+39,8.891041843799354e+38,"[5.7600e-15 5.7435e-15 7.2380e-16 4.3500e-16 4.5000e-16 4.9500e-16
 5.2500e-16 4.3500e-16 4.5000e-16 4.9500e-16 5.2500e-16 4.3500e-16
 4.5000e-16 4.9500e-16 5.2500e-16 4.3500e-16 4.5000e-16 4.9500e-16
 5.2500e-16 4.3500e-16 4.5000e-16 4.9500e-16 5.2500e-16 3.1920e-16
 3.2760e-16 3.0240e-16 3.1920e-16 4.4520e-16 3.1920e-16 3.2760e-16
 3.0240e-16 3.1920e-16 3.1920e-16 3.2760e-16 3.0240e-16 3.1920e-16
 3.1920e-16 3.2760e-16 3.0240e-16 3.1920e-16 2.3500e-16 2.4000e-16
 3.3500e-16 2.3500e-16 2.4000e-16 1.9040e-16 1.3570e-16 7.8400e-17
 8.4000e-17 7.8400e-17] erg / (s cm2)","[5.7600e-15 5.7435e-15 7.2380e-16 4.3500e-16 4.5000e-16 4.9500e-16
 5.2500e-16 4.3500e-16 4.5000e-16 4.9500e-16 5.2500e-16 4.3500e-16
 4.5000e-16 4.9500e-16 5.2500e-16 4.3500e-16 4.5000e-16 4.9500e-16
 5.2500e-16 4.3500e-16 4.5000e-16 4.9500e-16 5.2500e-16 3.1920e-16
 3.2760e-16 3.0240e-16 3.1920e-16 4.4520e-16 3.1920e-16 3.2760e-16
 3.0240e-16 3.1920e-16 3.1920e-16 3.2760e-16 3.0240e-16 3.1920e-16
 3.1920e-16 3.2760e-16 3.0240e-16 3.1920e-16 2.3500e-16 2.4000e-16
 3.3500e-16 2.3500e-16 2.4000e-16 1.9040e-16 1.3570e-16 7.8400e-17
 8.4000e-17 7.8400e-17] erg / (s cm2)","[2.400000e-15 2.393125e-15 4.620000e-17 2.550000e-17 2.550000e-17
 2.550000e-17 2.550000e-17 2.550000e-17 2.550000e-17 2.550000e-17
 2.550000e-17 2.550000e-17 2.550000e-17 2.550000e-17 2.550000e-17
 2.550000e-17 2.550000e-17 2.550000e-17 2.550000e-17 2.550000e-17
 2.550000e-17 2.550000e-17 2.550000e-17 5.040000e-18 5.040000e-18
 5.040000e-18 5.040000e-18 2.520000e-17 5.040000e-18 5.040000e-18
 5.040000e-18 5.040000e-18 5.040000e-18 5.040000e-18 5.040000e-18
 5.040000e-18 5.040000e-18 5.040000e-18 5.040000e-18 5.040000e-18
 5.000000e-18 5.000000e-18 2.000000e-17 5.000000e-18 5.000000e-18
 9.520000e-17 6.900000e-18 5.600000e-18 7.000000e-18 5.600000e-18] erg / (s cm2)"
54,NGC4169,,,FIRST J121218.8+291046,FIRSTJ121218.8+291046,,,1.1820899265610296e+40,7.240185854341687e+38,1.0364613222063462e+41,7.062411374993406e+39,[-1.666e-16  1.498e-17  1.498e-17] erg / (s cm2),[-1.666e-16  1.498e-17  1.498e-17] erg / (s cm2),[1.19e-16 2.10e-18 2.10e-18] erg / (s cm2)
55,NGC4192,NVSS B121115+151032,NVSS J121348.4+145403,,,,,,,,,"[1.8990e-15 1.4620e-15 1.6005e-15 1.6005e-15 1.6005e-15 8.8060e-16
 7.5600e-17 3.3320e-16] erg / (s cm2)","[1.8990e-15 1.4620e-15 1.6005e-15 1.6005e-15 1.6005e-15 8.8060e-16
 7.5600e-17 3.3320e-16] erg / (s cm2)","[2.1100e-16 1.7200e-16 3.8800e-16 2.4250e-16 2.4250e-16 7.1400e-17
 1.1025e-17 1.6800e-17] erg / (s cm2)"
56,NGC4203,NVSS J121505+331152,NVSS J121505.2+331152,FIRST J121505.0+331150,FIRSTJ121505.0+331150,2.681391254917909e+36,2.1978616843589422e+35,,,,,"[1.4688e-14 4.2768e-15 1.9980e-15 1.5708e-15 1.6800e-15 1.6200e-15
 1.6800e-15 1.8150e-15 1.6800e-15 1.6200e-15 1.6800e-15 1.8150e-15
 1.6800e-15 1.6200e-15 1.6800e-15 1.8150e-15 1.6800e-15 1.6200e-15
 1.6800e-15 1.8150e-15 1.6800e-15 1.6200e-15 1.6800e-15 1.8150e-15
 8.9040e-16 8.9880e-16 8.9880e-16 8.9040e-16 8.9040e-16 8.9880e-16
 8.9880e-16 8.9040e-16 8.9040e-16 8.9880e-16 8.9880e-16 8.9040e-16
 7.1400e-16 8.9040e-16 8.9880e-16 8.9880e-16 8.9040e-16 5.4000e-16
 5.6000e-16 4.0500e-16 5.4000e-16 5.6000e-16 2.1500e-15 2.6180e-16
 1.4490e-16 9.0100e-17 8.5400e-17 9.2400e-17 8.5400e-17] erg / (s cm2)","[1.4688e-14 4.2768e-15 1.9980e-15 1.5708e-15 1.6800e-15 1.6200e-15
 1.6800e-15 1.8150e-15 1.6800e-15 1.6200e-15 1.6800e-15 1.8150e-15
 1.6800e-15 1.6200e-15 1.6800e-15 1.8150e-15 1.6800e-15 1.6200e-15
 1.6800e-15 1.8150e-15 1.6800e-15 1.6200e-15 1.6800e-15 1.8150e-15
 8.9040e-16 8.9880e-16 8.9880e-16 8.9040e-16 8.9040e-16 8.9880e-16
 8.9880e-16 8.9040e-16 8.9040e-16 8.9880e-16 8.9880e-16 8.9040e-16
 7.1400e-16 8.9040e-16 8.9880e-16 8.9880e-16 8.9040e-16 5.4000e-16
 5.6000e-16 4.0500e-16 5.4000e-16 5.6000e-16 2.1500e-15 2.6180e-16
 1.4490e-16 9.0100e-17 8.5400e-17 9.2400e-17 8.5400e-17] erg / (s cm2)","[2.7840e-15 1.7712e-15 2.8860e-16 9.2400e-17 2.5500e-17 2.5500e-17
 2.5500e-17 2.5500e-17 2.5500e-17 2.5500e-17 2.5500e-17 2.5500e-17
 2.5500e-17 2.5500e-17 2.5500e-17 2.5500e-17 2.5500e-17 2.5500e-17
 2.5500e-17 2.5500e-17 2.5500e-17 2.5500e-17 2.5500e-17 2.5500e-17
 5.0400e-18 5.0400e-18 5.0400e-18 5.0400e-18 5.0400e-18 5.0400e-18
 5.0400e-18 5.0400e-18 5.0400e-18 5.0400e-18 5.0400e-18 5.0400e-18
 3.3600e-17 5.0400e-18 5.0400e-18 5.0400e-18 5.0400e-18 5.0000e-18
 5.0000e-18 5.0000e-17 5.0000e-18 5.0000e-18 8.0000e-16 9.5200e-17
 1.8400e-17 1.3600e-17 7.0000e-18 8.4000e-18 7.0000e-18] erg / (s cm2)"
57,NGC4216,NVSS B121321+132538,,,,,,,,,,[2.580e-16 2.425e-16 1.904e-16 9.660e-17] erg / (s cm2),[2.580e-16 2.425e-16 1.904e-16 9.660e-17] erg / (s cm2),[8.60e-17 9.70e-17 9.52e-17 2.66e-17] erg / (s cm2)
58,NGC4220,,,,,,,,,,,[5.4600000e-17 4.7600000e-17 4.7600000e-17 4.5008625e-17] erg / (s cm2),[5.4600000e-17 4.7600000e-17 4.7600000e-17 4.5008625e-17] erg / (s cm2),[8.400000e-18 7.000000e-18 7.000000e-18 9.036525e-18] erg / (s cm2)
59,NGC4258,NVSS J121855+471847,,,FIRSTJ121857.5+471814,2.2549286635746183e+37,7.362262036825255e+35,9.054584268147684e+38,1.1502836445690272e+37,3.624719956618867e+40,1.6830098879964737e+38,"[1.17181900e-11 3.89730195e-12 1.11100000e-14 3.75000000e-16
 4.20000000e-16 3.30000000e-16 3.45000000e-16 3.75000000e-16
 4.20000000e-16 3.30000000e-16 3.45000000e-16 3.75000000e-16
 4.20000000e-16 3.30000000e-16 3.45000000e-16 3.75000000e-16
 4.20000000e-16 3.30000000e-16 3.45000000e-16 3.75000000e-16
 4.20000000e-16 3.30000000e-16 3.45000000e-16 2.06780000e-16
 1.34400000e-16 1.51200000e-16 1.26000000e-16 1.59600000e-16
 1.34400000e-16 1.51200000e-16 1.26000000e-16 1.59600000e-16
 1.34400000e-16 1.51200000e-16 1.26000000e-16 1.59600000e-16
 1.34400000e-16 1.51200000e-16 1.26000000e-16 1.59600000e-16
 1.05000000e-16 8.00000000e-17 1.05000000e-16 8.00000000e-17
 1.23000000e-14 1.47925000e-14 8.24500000e-15 1.47925000e-14
 8.24500000e-15 4.24850000e-15 3.18240000e-15 5.10380000e-15
 3.03510000e-15 5.10380000e-15 3.03510000e-15 9.69400000e-16
 3.22000000e-15] erg / (s cm2)","[1.17181900e-11 3.89730195e-12 1.11100000e-14 3.75000000e-16
 4.20000000e-16 3.30000000e-16 3.45000000e-16 3.75000000e-16
 4.20000000e-16 3.30000000e-16 3.45000000e-16 3.75000000e-16
 4.20000000e-16 3.30000000e-16 3.45000000e-16 3.75000000e-16
 4.20000000e-16 3.30000000e-16 3.45000000e-16 3.75000000e-16
 4.20000000e-16 3.30000000e-16 3.45000000e-16 2.06780000e-16
 1.34400000e-16 1.51200000e-16 1.26000000e-16 1.59600000e-16
 1.34400000e-16 1.51200000e-16 1.26000000e-16 1.59600000e-16
 1.34400000e-16 1.51200000e-16 1.26000000e-16 1.59600000e-16
 1.34400000e-16 1.51200000e-16 1.26000000e-16 1.59600000e-16
 1.05000000e-16 8.00000000e-17 1.05000000e-16 8.00000000e-17
 1.23000000e-14 1.47925000e-14 8.24500000e-15 1.47925000e-14
 8.24500000e-15 4.24850000e-15 3.18240000e-15 5.10380000e-15
 3.03510000e-15 5.10380000e-15 3.03510000e-15 9.69400000e-16
 3.22000000e-15] erg / (s cm2)","[8.81380000e-13 1.19916983e-12 2.72700000e-15 2.55000000e-17
 2.55000000e-17 2.55000000e-17 2.55000000e-17 2.55000000e-17
 2.55000000e-17 2.55000000e-17 2.55000000e-17 2.55000000e-17
 2.55000000e-17 2.55000000e-17 2.55000000e-17 2.55000000e-17
 2.55000000e-17 2.55000000e-17 2.55000000e-17 2.55000000e-17
 2.55000000e-17 2.55000000e-17 2.55000000e-17 7.59600000e-18
 5.04000000e-18 5.04000000e-18 5.04000000e-18 5.04000000e-18
 5.04000000e-18 5.04000000e-18 5.04000000e-18 5.04000000e-18
 5.04000000e-18 5.04000000e-18 5.04000000e-18 5.04000000e-18
 5.04000000e-18 5.04000000e-18 5.04000000e-18 5.04000000e-18
 5.00000000e-18 5.00000000e-18 5.00000000e-18 5.00000000e-18
 1.60000000e-15 2.21887500e-15 9.70000000e-16 2.21887500e-15
 9.70000000e-16 2.93000000e-16 1.22400000e-16 1.66100000e-16
 7.55000000e-17 1.66100000e-16 7.55000000e-17 2.44200000e-16
 5.75000000e-16] erg / (s cm2)"
60,NGC4261,NVSS B121650+060612,,,,,,,,,,"[6.13705141e-13 3.26114236e-13 1.12800000e-12 1.41000000e-12
 1.12800000e-12 1.41000000e-12 2.75200000e-13 8.61930000e-13
 8.54000000e-13 7.32000000e-13 1.22000000e-12 8.61930000e-13
 8.54000000e-13 7.32000000e-13 1.22000000e-12 8.61930000e-13
 8.54000000e-13 7.32000000e-13 1.22000000e-12 8.61930000e-13
 8.54000000e-13 7.32000000e-13 1.22000000e-12 8.20000000e-13
 7.79000000e-13 7.79000000e-13 7.45380000e-13 8.20000000e-13
 7.79000000e-13 7.79000000e-13 7.45380000e-13 8.20000000e-13
 7.79000000e-13 7.79000000e-13 7.45380000e-13 8.20000000e-13
 7.79000000e-13 7.79000000e-13 7.45380000e-13 8.20000000e-13
 7.79000000e-13 7.79000000e-13 7.45380000e-13 7.26000000e-13
 6.93000000e-13 6.12810000e-13 7.26000000e-13 6.93000000e-13
 6.12810000e-13 7.26000000e-13 6.93000000e-13 6.12810000e-13
 1.27484000e-12 6.44000000e-13 5.98000000e-13 5.60050000e-13
 6.44000000e-13 5.98000000e-13 5.60050000e-13 6.44000000e-13
 5.98000000e-13 5.60050000e-13 5.35000000e-13 4.98400000e-13
 6.74690000e-14 4.66337900e-13 4.16000000e-13 4.13000000e-13
 4.16000000e-13 4.13000000e-13 4.16000000e-13 4.13000000e-13
 2.39105000e-13 2.10732500e-13 1.98316500e-13 2.39105000e-13
 2.10732500e-13 1.98316500e-13 2.39105000e-13 2.10732500e-13
 1.98316500e-13 3.65040000e-13 3.49110000e-13 3.65040000e-13
 3.49110000e-13 3.65040000e-13 3.49110000e-13 3.40917500e-13
 2.59539000e-13 2.75091000e-13 2.75091000e-13 2.53400000e-13
 2.60400000e-13 2.49900000e-13 2.51580000e-13 3.08000000e-13
 1.46132000e-13 3.08000000e-13 2.53400000e-13 2.60400000e-13
 2.49900000e-13 2.51580000e-13 2.49900000e-13 2.53400000e-13
 2.60400000e-13 2.49900000e-13 2.51580000e-13 2.36256000e-13
 1.86750000e-13 1.94700000e-13 1.95000000e-13 2.06175000e-13
 1.94700000e-13 1.86750000e-13 1.94700000e-13 1.95000000e-13
 2.06175000e-13 1.86750000e-13 1.94700000e-13 1.95000000e-13
 2.06175000e-13 2.03136500e-13 1.48920000e-13 1.48920000e-13
 1.03769500e-14 9.22040000e-14 9.87010000e-14 2.13600000e-14
 9.48740000e-14 9.22040000e-14 9.87010000e-14 2.13600000e-14
 9.48740000e-14 9.22040000e-14 9.87010000e-14 2.13600000e-14
 9.48740000e-14 9.22040000e-14 9.87010000e-14 2.13600000e-14
 9.48740000e-14 9.22040000e-14 9.87010000e-14 2.13600000e-14
 9.48740000e-14 8.89600000e-14 8.89600000e-14 8.00000000e-14
 8.00000000e-14 8.00000000e-14 5.34000000e-14 4.63600000e-14
 5.04906000e-14 4.63600000e-14 5.04906000e-14 4.31320000e-14
 4.26060000e-14 4.31320000e-14 4.26060000e-14 5.50000000e-14
 5.50000000e-14 4.44400000e-14 5.80000000e-14 5.80000000e-14] erg / (s cm2)","[6.13705141e-13 3.26114236e-13 1.12800000e-12 1.41000000e-12
 1.12800000e-12 1.41000000e-12 2.75200000e-13 8.61930000e-13
 8.54000000e-13 7.32000000e-13 1.22000000e-12 8.61930000e-13
 8.54000000e-13 7.32000000e-13 1.22000000e-12 8.61930000e-13
 8.54000000e-13 7.32000000e-13 1.22000000e-12 8.61930000e-13
 8.54000000e-13 7.32000000e-13 1.22000000e-12 8.20000000e-13
 7.79000000e-13 7.79000000e-13 7.45380000e-13 8.20000000e-13
 7.79000000e-13 7.79000000e-13 7.45380000e-13 8.20000000e-13
 7.79000000e-13 7.79000000e-13 7.45380000e-13 8.20000000e-13
 7.79000000e-13 7.79000000e-13 7.45380000e-13 8.20000000e-13
 7.79000000e-13 7.79000000e-13 7.45380000e-13 7.26000000e-13
 6.93000000e-13 6.12810000e-13 7.26000000e-13 6.93000000e-13
 6.12810000e-13 7.26000000e-13 6.93000000e-13 6.12810000e-13
 1.27484000e-12 6.44000000e-13 5.98000000e-13 5.60050000e-13
 6.44000000e-13 5.98000000e-13 5.60050000e-13 6.44000000e-13
 5.98000000e-13 5.60050000e-13 5.35000000e-13 4.98400000e-13
 6.74690000e-14 4.66337900e-13 4.16000000e-13 4.13000000e-13
 4.16000000e-13 4.13000000e-13 4.16000000e-13 4.13000000e-13
 2.39105000e-13 2.10732500e-13 1.98316500e-13 2.39105000e-13
 2.10732500e-13 1.98316500e-13 2.39105000e-13 2.10732500e-13
 1.98316500e-13 3.65040000e-13 3.49110000e-13 3.65040000e-13
 3.49110000e-13 3.65040000e-13 3.49110000e-13 3.40917500e-13
 2.59539000e-13 2.75091000e-13 2.75091000e-13 2.53400000e-13
 2.60400000e-13 2.49900000e-13 2.51580000e-13 3.08000000e-13
 1.46132000e-13 3.08000000e-13 2.53400000e-13 2.60400000e-13
 2.49900000e-13 2.51580000e-13 2.49900000e-13 2.53400000e-13
 2.60400000e-13 2.49900000e-13 2.51580000e-13 2.36256000e-13
 1.86750000e-13 1.94700000e-13 1.95000000e-13 2.06175000e-13
 1.94700000e-13 1.86750000e-13 1.94700000e-13 1.95000000e-13
 2.06175000e-13 1.86750000e-13 1.94700000e-13 1.95000000e-13
 2.06175000e-13 2.03136500e-13 1.48920000e-13 1.48920000e-13
 1.03769500e-14 9.22040000e-14 9.87010000e-14 2.13600000e-14
 9.48740000e-14 9.22040000e-14 9.87010000e-14 2.13600000e-14
 9.48740000e-14 9.22040000e-14 9.87010000e-14 2.13600000e-14
 9.48740000e-14 9.22040000e-14 9.87010000e-14 2.13600000e-14
 9.48740000e-14 9.22040000e-14 9.87010000e-14 2.13600000e-14
 9.48740000e-14 8.89600000e-14 8.89600000e-14 8.00000000e-14
 8.00000000e-14 8.00000000e-14 5.34000000e-14 4.63600000e-14
 5.04906000e-14 4.63600000e-14 5.04906000e-14 4.31320000e-14
 4.26060000e-14 4.31320000e-14 4.26060000e-14 5.50000000e-14
 5.50000000e-14 4.44400000e-14 5.80000000e-14 5.80000000e-14] erg / (s cm2)","[4.70674159e-15 8.19432719e-16 3.76000000e-13 2.82000000e-13
 3.76000000e-13 2.82000000e-13 1.72000000e-14 1.59820000e-13
 1.22000000e-13 1.83000000e-13 3.66000000e-13 1.59820000e-13
 1.22000000e-13 1.83000000e-13 3.66000000e-13 1.59820000e-13
 1.22000000e-13 1.83000000e-13 3.66000000e-13 1.59820000e-13
 1.22000000e-13 1.83000000e-13 3.66000000e-13 4.10000000e-14
 8.20000000e-14 8.20000000e-14 9.02000000e-14 4.10000000e-14
 8.20000000e-14 8.20000000e-14 9.02000000e-14 4.10000000e-14
 8.20000000e-14 8.20000000e-14 9.02000000e-14 4.10000000e-14
 8.20000000e-14 8.20000000e-14 9.02000000e-14 4.10000000e-14
 8.20000000e-14 8.20000000e-14 9.02000000e-14 2.64000000e-14
 6.60000000e-14 7.72200000e-14 2.64000000e-14 6.60000000e-14
 7.72200000e-14 2.64000000e-14 6.60000000e-14 7.72200000e-14
 3.45400000e-14 1.15000000e-14 2.30000000e-14 4.14000000e-14
 1.15000000e-14 2.30000000e-14 4.14000000e-14 1.15000000e-14
 2.30000000e-14 4.14000000e-14 3.21000000e-14 1.79424000e-14
 1.01203500e-14 1.45261000e-14 2.08000000e-14 2.05000000e-14
 2.08000000e-14 2.05000000e-14 2.08000000e-14 2.05000000e-14
 4.80150000e-15 2.93910000e-14 2.97474750e-14 4.80150000e-15
 2.93910000e-14 2.97474750e-14 4.80150000e-15 2.93910000e-14
 2.97474750e-14 1.89000000e-14 1.75500000e-14 1.89000000e-14
 1.75500000e-14 1.89000000e-14 1.75500000e-14 1.70458750e-14
 1.03768000e-14 5.78100000e-15 5.78100000e-15 1.26700000e-14
 1.26000000e-14 5.04000000e-15 7.42000000e-15 1.40000000e-14
 2.70200000e-15 1.40000000e-14 1.26700000e-14 1.26000000e-14
 5.04000000e-15 7.42000000e-15 5.04000000e-15 1.26700000e-14
 1.26000000e-14 5.04000000e-15 7.42000000e-15 3.16800000e-15
 9.33750000e-15 1.65000000e-15 9.75000000e-15 1.72500000e-15
 1.65000000e-15 9.33750000e-15 1.65000000e-15 9.75000000e-15
 1.72500000e-15 9.33750000e-15 1.65000000e-15 9.75000000e-15
 1.72500000e-15 2.73050000e-15 2.64384000e-14 2.64384000e-14
 2.84700000e-16 9.22040000e-15 4.80600000e-15 1.70880000e-15
 9.43400000e-15 9.22040000e-15 4.80600000e-15 1.70880000e-15
 9.43400000e-15 9.22040000e-15 4.80600000e-15 1.70880000e-15
 9.43400000e-15 9.22040000e-15 4.80600000e-15 1.70880000e-15
 9.43400000e-15 9.22040000e-15 4.80600000e-15 1.70880000e-15
 9.43400000e-15 1.15200000e-14 1.15200000e-14 1.20000000e-14
 1.20000000e-14 1.20000000e-14 3.00000000e-15 6.95400000e-15
 2.28000000e-15 6.95400000e-15 2.28000000e-15 5.52300000e-15
 5.52300000e-15 5.52300000e-15 5.52300000e-15 1.48500000e-14
 1.48500000e-14 3.08000000e-15 1.21800000e-14 1.21800000e-14] erg / (s cm2)"
61,NGC4278,NVSS J122006+291650,NVSS J122006.7+291650,FIRST J122006.8+291650,FIRSTJ122006.8+291650,5.603327588828226e+37,1.6882753809846044e+36,2.1543567876529718e+40,1.0094705916535682e+38,2.4605781205932334e+40,3.178993521239404e+38,"[1.84951000e-13 5.82616663e-13 6.24618250e-14 9.02201600e-14
 2.15750639e-13 5.47200000e-14 5.32231000e-14 8.34722000e-14
 5.32231000e-14 8.34722000e-14 7.74000000e-15 1.21950000e-14
 1.15800000e-14 1.19850000e-14 1.20150000e-14 1.21950000e-14
 1.15800000e-14 1.19850000e-14 1.20150000e-14 1.21950000e-14
 1.15800000e-14 1.19850000e-14 1.20150000e-14 1.21950000e-14
 1.15800000e-14 1.19850000e-14 1.20150000e-14 1.21950000e-14
 1.15800000e-14 1.19850000e-14 1.20150000e-14 1.80785000e-14
 9.53400000e-15 9.39120000e-15 1.01388000e-14 8.89560000e-15
 9.53400000e-15 9.39120000e-15 1.01388000e-14 8.89560000e-15
 9.53400000e-15 9.39120000e-15 1.01388000e-14 8.89560000e-15
 9.53400000e-15 9.39120000e-15 1.01388000e-14 8.89560000e-15
 9.53400000e-15 9.39120000e-15 1.01388000e-14 8.89560000e-15
 2.02125000e-14 7.19500000e-15 7.99000000e-15 1.25500000e-14
 7.19500000e-15 7.99000000e-15 7.19500000e-15 7.99000000e-15
 1.57625000e-14 1.60050000e-14 1.57625000e-14 1.60050000e-14
 1.02410000e-14 1.03292000e-14 5.42514000e-15 5.39700000e-15
 5.42514000e-15 5.39700000e-15 5.46000000e-15 5.46000000e-15
 5.42514000e-15 5.39700000e-15 6.86000000e-15 2.36640000e-15
 2.63160000e-15 2.36640000e-15 2.63160000e-15 2.07685000e-15
 9.06000000e-16] erg / (s cm2)","[1.84951000e-13 5.82616663e-13 6.24618250e-14 9.02201600e-14
 2.15750639e-13 5.47200000e-14 5.32231000e-14 8.34722000e-14
 5.32231000e-14 8.34722000e-14 7.74000000e-15 1.21950000e-14
 1.15800000e-14 1.19850000e-14 1.20150000e-14 1.21950000e-14
 1.15800000e-14 1.19850000e-14 1.20150000e-14 1.21950000e-14
 1.15800000e-14 1.19850000e-14 1.20150000e-14 1.21950000e-14
 1.15800000e-14 1.19850000e-14 1.20150000e-14 1.21950000e-14
 1.15800000e-14 1.19850000e-14 1.20150000e-14 1.80785000e-14
 9.53400000e-15 9.39120000e-15 1.01388000e-14 8.89560000e-15
 9.53400000e-15 9.39120000e-15 1.01388000e-14 8.89560000e-15
 9.53400000e-15 9.39120000e-15 1.01388000e-14 8.89560000e-15
 9.53400000e-15 9.39120000e-15 1.01388000e-14 8.89560000e-15
 9.53400000e-15 9.39120000e-15 1.01388000e-14 8.89560000e-15
 2.02125000e-14 7.19500000e-15 7.99000000e-15 1.25500000e-14
 7.19500000e-15 7.99000000e-15 7.19500000e-15 7.99000000e-15
 1.57625000e-14 1.60050000e-14 1.57625000e-14 1.60050000e-14
 1.02410000e-14 1.03292000e-14 5.42514000e-15 5.39700000e-15
 5.42514000e-15 5.39700000e-15 5.46000000e-15 5.46000000e-15
 5.42514000e-15 5.39700000e-15 6.86000000e-15 2.36640000e-15
 2.63160000e-15 2.36640000e-15 2.63160000e-15 2.07685000e-15
 9.06000000e-16] erg / (s cm2)","[2.77600000e-14 3.83734346e-15 1.44029620e-14 1.62114350e-14
 1.07925285e-15 8.16000000e-15 8.80670000e-15 1.34015000e-14
 8.80670000e-15 1.34015000e-14 7.74000000e-16 2.55000000e-17
 2.55000000e-17 2.55000000e-17 2.55000000e-17 2.55000000e-17
 2.55000000e-17 2.55000000e-17 2.55000000e-17 2.55000000e-17
 2.55000000e-17 2.55000000e-17 2.55000000e-17 2.55000000e-17
 2.55000000e-17 2.55000000e-17 2.55000000e-17 2.55000000e-17
 2.55000000e-17 2.55000000e-17 2.55000000e-17 4.18000000e-16
 5.04000000e-18 5.04000000e-18 5.04000000e-18 5.04000000e-18
 5.04000000e-18 5.04000000e-18 5.04000000e-18 5.04000000e-18
 5.04000000e-18 5.04000000e-18 5.04000000e-18 5.04000000e-18
 5.04000000e-18 5.04000000e-18 5.04000000e-18 5.04000000e-18
 5.04000000e-18 5.04000000e-18 5.04000000e-18 5.04000000e-18
 1.61700000e-15 5.00000000e-18 5.00000000e-18 1.25000000e-15
 5.00000000e-18 5.00000000e-18 5.00000000e-18 5.00000000e-18
 2.36437500e-15 2.08550000e-15 2.36437500e-15 2.08550000e-15
 5.39000000e-16 4.28400000e-16 2.71257000e-16 1.62400000e-16
 2.71257000e-16 1.62400000e-16 1.40000000e-16 1.40000000e-16
 2.71257000e-16 1.62400000e-16 5.60000000e-16 2.04000000e-16
 2.93760000e-16 2.04000000e-16 2.93760000e-16 1.02200000e-16
 1.45866000e-16] erg / (s cm2)"
62,NGC4293,NVSS B121840+183934,,,,,,,,,,[6.330e-16 4.300e-16 5.335e-16 4.760e-16 2.702e-16] erg / (s cm2),[6.330e-16 4.300e-16 5.335e-16 4.760e-16 2.702e-16] erg / (s cm2),[1.055e-16 8.600e-17 1.455e-16 9.520e-17 1.540e-17] erg / (s cm2)
63,NGC4321,NVSS J122251+154941,NVSS J122255.0+154921,,FIRSTJ122254.9+154920,7.256257327752559e+37,4.182804889179343e+36,,,,,"[6.43550e-15 4.81600e-15 3.50700e-15 4.10000e-15 4.17100e-15 4.17100e-15
 4.36500e-15 4.21950e-15 4.17100e-15 4.36500e-15 4.21950e-15 2.78460e-15
 2.41725e-15 3.68200e-15 3.68200e-15 1.21940e-15 4.23150e-15 1.32250e-15] erg / (s cm2)","[6.43550e-15 4.81600e-15 3.50700e-15 4.10000e-15 4.17100e-15 4.17100e-15
 4.36500e-15 4.21950e-15 4.17100e-15 4.36500e-15 4.21950e-15 2.78460e-15
 2.41725e-15 3.68200e-15 3.68200e-15 1.21940e-15 4.23150e-15 1.32250e-15] erg / (s cm2)","[5.27500e-16 3.44000e-16 5.01000e-16 8.00000e-16 6.79000e-16 6.79000e-16
 6.30500e-16 6.32925e-16 6.79000e-16 6.30500e-16 6.32925e-16 1.42800e-16
 1.46500e-16 1.12000e-16 1.12000e-16 4.62000e-17 1.36500e-16 3.45000e-16] erg / (s cm2)"
64,NGC4374,NVSS B122231+130912,,,FIRSTJ122503.7+125316,,,6.212637598104249e+39,3.737803083790771e+37,2.677797545729327e+39,6.362428169397311e+37,"[2.21426709e-13 2.42043773e-13 1.38194330e-13 1.62349600e-13
 1.41120000e-13 4.53971436e-13 4.30000000e-14 2.74546777e-13
 3.64240000e-13 2.52000000e-14 2.52300000e-14 2.47950000e-14
 2.50950000e-14 2.52000000e-14 2.52300000e-14 2.47950000e-14
 2.50950000e-14 2.52000000e-14 2.52300000e-14 2.47950000e-14
 2.50950000e-14 2.52000000e-14 2.52300000e-14 2.47950000e-14
 2.50950000e-14 2.52000000e-14 2.52300000e-14 2.47950000e-14
 2.50950000e-14 1.93700000e-13 1.93700000e-13 1.93700000e-13
 1.93700000e-13 2.07580000e-13 1.94740000e-13 2.07483000e-13
 9.11520000e-14 9.33100000e-14 1.38768000e-14 1.39860000e-14
 1.38600000e-14 1.37004000e-14 1.38768000e-14 1.39860000e-14
 1.38600000e-14 1.37004000e-14 1.38768000e-14 1.39860000e-14
 1.38600000e-14 1.37004000e-14 1.38768000e-14 1.39860000e-14
 1.38600000e-14 1.37004000e-14 1.38768000e-14 1.39860000e-14
 1.38600000e-14 1.37004000e-14 1.98400000e-13 1.40280000e-13
 1.40252000e-13 1.44000000e-13 8.38000000e-15 8.43500000e-15
 8.38000000e-15 8.43500000e-15 1.43000000e-13 1.42000000e-13
 1.56000000e-13 1.44000000e-13 1.42000000e-13 1.43000000e-13
 1.42000000e-13 1.56000000e-13 1.44000000e-13 1.42000000e-13
 1.43000000e-13 1.42000000e-13 1.56000000e-13 1.44000000e-13
 1.42000000e-13 1.43000000e-13 1.42000000e-13 1.56000000e-13
 1.44000000e-13 1.42000000e-13 1.43000000e-13 1.42000000e-13
 1.56000000e-13 1.44000000e-13 1.42000000e-13 1.43000000e-13
 1.42000000e-13 1.56000000e-13 1.44000000e-13 1.42000000e-13
 1.74697000e-13 1.10095000e-13 1.73727000e-13 1.10095000e-13
 1.74697000e-13 1.10095000e-13 1.73727000e-13 1.07730000e-13
 1.07730000e-13 1.05374500e-13 1.06533350e-13 1.06452500e-13
 1.05374500e-13 1.06533350e-13 1.06452500e-13 1.05374500e-13
 1.06533350e-13 1.06452500e-13 1.17130000e-13 8.65130000e-14
 8.99580000e-14 8.99580000e-14 8.75000000e-14 8.40000000e-14
 8.26000000e-14 8.54000000e-14 9.06080000e-14 8.38600000e-14
 8.40000000e-14 9.80000000e-14 8.53580000e-14 8.75000000e-14
 8.40000000e-14 8.26000000e-14 8.54000000e-14 9.06080000e-14
 8.38600000e-14 8.38600000e-14 9.80000000e-14 8.75000000e-14
 8.40000000e-14 8.26000000e-14 8.54000000e-14 9.06080000e-14
 8.38600000e-14 8.75000000e-14 8.40000000e-14 8.26000000e-14
 8.54000000e-14 9.06080000e-14 8.38600000e-14 8.38600000e-14
 7.02750000e-14 6.67500000e-14 6.63750000e-14 6.63750000e-14
 6.37500000e-14 7.02750000e-14 6.67500000e-14 6.63750000e-14
 6.63750000e-14 6.37500000e-14 7.02750000e-14 6.67500000e-14
 6.63750000e-14 6.63750000e-14 6.37500000e-14 6.63750000e-14
 6.63750000e-14 7.02750000e-14 6.67500000e-14 6.63750000e-14
 6.63750000e-14 6.37500000e-14 7.01675000e-14 6.67368000e-14
 4.96944000e-14 5.05920000e-14 4.96944000e-14 5.05920000e-14
 4.96944000e-14 5.05920000e-14 5.37280000e-15 4.50924000e-14
 3.38200000e-14 3.62230000e-14 3.47100000e-14 3.78339000e-14
 3.75580000e-14 3.38200000e-14 3.62230000e-14 3.47100000e-14
 3.78339000e-14 3.75580000e-14 3.38200000e-14 3.62230000e-14
 3.47100000e-14 3.78339000e-14 3.75580000e-14 3.38200000e-14
 3.62230000e-14 3.47100000e-14 3.78339000e-14 3.75580000e-14
 3.38200000e-14 3.62230000e-14 3.47100000e-14 3.78339000e-14
 3.75580000e-14 3.38200000e-14 3.62230000e-14 3.47100000e-14
 3.78339000e-14 3.75580000e-14 3.04000000e-14 3.04000000e-14
 2.12306000e-14 1.74800000e-14 1.90228000e-14 2.06264000e-14
 1.74800000e-14 1.90228000e-14 2.06264000e-14 1.74800000e-14
 1.90228000e-14 2.06264000e-14] erg / (s cm2)","[2.21426709e-13 2.42043773e-13 1.38194330e-13 1.62349600e-13
 1.41120000e-13 4.53971436e-13 4.30000000e-14 2.74546777e-13
 3.64240000e-13 2.52000000e-14 2.52300000e-14 2.47950000e-14
 2.50950000e-14 2.52000000e-14 2.52300000e-14 2.47950000e-14
 2.50950000e-14 2.52000000e-14 2.52300000e-14 2.47950000e-14
 2.50950000e-14 2.52000000e-14 2.52300000e-14 2.47950000e-14
 2.50950000e-14 2.52000000e-14 2.52300000e-14 2.47950000e-14
 2.50950000e-14 1.93700000e-13 1.93700000e-13 1.93700000e-13
 1.93700000e-13 2.07580000e-13 1.94740000e-13 2.07483000e-13
 9.11520000e-14 9.33100000e-14 1.38768000e-14 1.39860000e-14
 1.38600000e-14 1.37004000e-14 1.38768000e-14 1.39860000e-14
 1.38600000e-14 1.37004000e-14 1.38768000e-14 1.39860000e-14
 1.38600000e-14 1.37004000e-14 1.38768000e-14 1.39860000e-14
 1.38600000e-14 1.37004000e-14 1.38768000e-14 1.39860000e-14
 1.38600000e-14 1.37004000e-14 1.98400000e-13 1.40280000e-13
 1.40252000e-13 1.44000000e-13 8.38000000e-15 8.43500000e-15
 8.38000000e-15 8.43500000e-15 1.43000000e-13 1.42000000e-13
 1.56000000e-13 1.44000000e-13 1.42000000e-13 1.43000000e-13
 1.42000000e-13 1.56000000e-13 1.44000000e-13 1.42000000e-13
 1.43000000e-13 1.42000000e-13 1.56000000e-13 1.44000000e-13
 1.42000000e-13 1.43000000e-13 1.42000000e-13 1.56000000e-13
 1.44000000e-13 1.42000000e-13 1.43000000e-13 1.42000000e-13
 1.56000000e-13 1.44000000e-13 1.42000000e-13 1.43000000e-13
 1.42000000e-13 1.56000000e-13 1.44000000e-13 1.42000000e-13
 1.74697000e-13 1.10095000e-13 1.73727000e-13 1.10095000e-13
 1.74697000e-13 1.10095000e-13 1.73727000e-13 1.07730000e-13
 1.07730000e-13 1.05374500e-13 1.06533350e-13 1.06452500e-13
 1.05374500e-13 1.06533350e-13 1.06452500e-13 1.05374500e-13
 1.06533350e-13 1.06452500e-13 1.17130000e-13 8.65130000e-14
 8.99580000e-14 8.99580000e-14 8.75000000e-14 8.40000000e-14
 8.26000000e-14 8.54000000e-14 9.06080000e-14 8.38600000e-14
 8.40000000e-14 9.80000000e-14 8.53580000e-14 8.75000000e-14
 8.40000000e-14 8.26000000e-14 8.54000000e-14 9.06080000e-14
 8.38600000e-14 8.38600000e-14 9.80000000e-14 8.75000000e-14
 8.40000000e-14 8.26000000e-14 8.54000000e-14 9.06080000e-14
 8.38600000e-14 8.75000000e-14 8.40000000e-14 8.26000000e-14
 8.54000000e-14 9.06080000e-14 8.38600000e-14 8.38600000e-14
 7.02750000e-14 6.67500000e-14 6.63750000e-14 6.63750000e-14
 6.37500000e-14 7.02750000e-14 6.67500000e-14 6.63750000e-14
 6.63750000e-14 6.37500000e-14 7.02750000e-14 6.67500000e-14
 6.63750000e-14 6.63750000e-14 6.37500000e-14 6.63750000e-14
 6.63750000e-14 7.02750000e-14 6.67500000e-14 6.63750000e-14
 6.63750000e-14 6.37500000e-14 7.01675000e-14 6.67368000e-14
 4.96944000e-14 5.05920000e-14 4.96944000e-14 5.05920000e-14
 4.96944000e-14 5.05920000e-14 5.37280000e-15 4.50924000e-14
 3.38200000e-14 3.62230000e-14 3.47100000e-14 3.78339000e-14
 3.75580000e-14 3.38200000e-14 3.62230000e-14 3.47100000e-14
 3.78339000e-14 3.75580000e-14 3.38200000e-14 3.62230000e-14
 3.47100000e-14 3.78339000e-14 3.75580000e-14 3.38200000e-14
 3.62230000e-14 3.47100000e-14 3.78339000e-14 3.75580000e-14
 3.38200000e-14 3.62230000e-14 3.47100000e-14 3.78339000e-14
 3.75580000e-14 3.38200000e-14 3.62230000e-14 3.47100000e-14
 3.78339000e-14 3.75580000e-14 3.04000000e-14 3.04000000e-14
 2.12306000e-14 1.74800000e-14 1.90228000e-14 2.06264000e-14
 1.74800000e-14 1.90228000e-14 2.06264000e-14 1.74800000e-14
 1.90228000e-14 2.06264000e-14] erg / (s cm2)","[2.03559079e-14 3.72158160e-14 1.19916983e-15 2.52714000e-14
 1.63200000e-14 1.62744477e-13 4.30000000e-15 2.20899706e-14
 4.71000000e-14 2.55000000e-17 2.55000000e-17 2.55000000e-17
 2.55000000e-17 2.55000000e-17 2.55000000e-17 2.55000000e-17
 2.55000000e-17 2.55000000e-17 2.55000000e-17 2.55000000e-17
 2.55000000e-17 2.55000000e-17 2.55000000e-17 2.55000000e-17
 2.55000000e-17 2.55000000e-17 2.55000000e-17 2.55000000e-17
 2.55000000e-17 7.45000000e-15 7.45000000e-15 7.45000000e-15
 7.45000000e-15 7.49000000e-15 7.06200000e-15 7.48650000e-15
 1.58250000e-15 1.72000000e-15 5.04000000e-18 5.04000000e-18
 5.04000000e-18 5.04000000e-18 5.04000000e-18 5.04000000e-18
 5.04000000e-18 5.04000000e-18 5.04000000e-18 5.04000000e-18
 5.04000000e-18 5.04000000e-18 5.04000000e-18 5.04000000e-18
 5.04000000e-18 5.04000000e-18 5.04000000e-18 5.04000000e-18
 5.04000000e-18 5.04000000e-18 9.72160000e-15 1.40280000e-14
 2.50450000e-15 1.20000000e-14 5.00000000e-18 5.00000000e-18
 5.00000000e-18 5.00000000e-18 7.15000000e-15 3.95000000e-15
 4.00000000e-15 4.00000000e-15 7.00000000e-15 7.15000000e-15
 3.95000000e-15 4.00000000e-15 4.00000000e-15 7.00000000e-15
 7.15000000e-15 3.95000000e-15 4.00000000e-15 4.00000000e-15
 7.00000000e-15 7.15000000e-15 3.95000000e-15 4.00000000e-15
 4.00000000e-15 7.00000000e-15 7.15000000e-15 3.95000000e-15
 4.00000000e-15 4.00000000e-15 7.00000000e-15 7.15000000e-15
 3.95000000e-15 4.00000000e-15 4.00000000e-15 7.00000000e-15
 2.41045000e-14 9.70000000e-16 2.60590500e-14 9.70000000e-16
 2.41045000e-14 9.70000000e-16 2.60590500e-14 5.40000000e-15
 5.40000000e-15 5.26872500e-15 1.64395000e-15 1.61700000e-15
 5.26872500e-15 1.64395000e-15 1.61700000e-15 5.26872500e-15
 1.64395000e-15 1.61700000e-15 5.30000000e-16 3.47480000e-15
 2.82000000e-15 2.82000000e-15 2.80000000e-15 2.10000000e-15
 4.13000000e-15 4.20000000e-15 3.31800000e-15 1.54000000e-15
 2.10000000e-15 8.40000000e-15 2.03000000e-15 2.80000000e-15
 2.10000000e-15 4.13000000e-15 4.20000000e-15 3.31800000e-15
 1.54000000e-15 1.54000000e-15 8.40000000e-15 2.80000000e-15
 2.10000000e-15 4.13000000e-15 4.20000000e-15 3.31800000e-15
 1.54000000e-15 2.80000000e-15 2.10000000e-15 4.13000000e-15
 4.20000000e-15 3.31800000e-15 1.54000000e-15 1.54000000e-15
 9.00000000e-16 3.00000000e-15 1.71750000e-15 8.25000000e-16
 3.18750000e-15 9.00000000e-16 3.00000000e-15 1.71750000e-15
 8.25000000e-16 3.18750000e-15 9.00000000e-16 3.00000000e-15
 1.71750000e-15 8.25000000e-16 3.18750000e-15 8.25000000e-16
 8.25000000e-16 9.00000000e-16 3.00000000e-15 1.71750000e-15
 8.25000000e-16 3.18750000e-15 1.90500000e-15 6.83280000e-15
 2.16240000e-15 1.16688000e-14 2.16240000e-15 1.16688000e-14
 2.16240000e-15 1.16688000e-14 5.32900000e-16 1.81260000e-15
 5.07300000e-15 3.56000000e-15 5.20650000e-15 3.78250000e-15
 4.45000000e-15 5.07300000e-15 3.56000000e-15 5.20650000e-15
 3.78250000e-15 4.45000000e-15 5.07300000e-15 3.56000000e-15
 5.20650000e-15 3.78250000e-15 4.45000000e-15 5.07300000e-15
 3.56000000e-15 5.20650000e-15 3.78250000e-15 4.45000000e-15
 5.07300000e-15 3.56000000e-15 5.20650000e-15 3.78250000e-15
 4.45000000e-15 5.07300000e-15 3.56000000e-15 5.20650000e-15
 3.78250000e-15 4.45000000e-15 4.80000000e-15 4.80000000e-15
 2.20520000e-15 4.37000000e-15 3.42000000e-15 4.12528000e-15
 4.37000000e-15 3.42000000e-15 4.12528000e-15 4.37000000e-15
 3.42000000e-15 4.12528000e-15] erg / (s cm2)"
65,NGC4388,NVSS B122314+125620,NVSS J122546.9+123943,,FIRSTJ122546.7+123942,,,5.249901934625931e+40,3.6511000953916965e+38,5.0656449535929724e+42,1.1161282564508947e+40,"[3.79800e-15 4.90200e-15 4.85000e-15 4.07400e-15 4.07400e-15 4.36500e-15
 4.51050e-15 4.07400e-15 4.36500e-15 4.51050e-15 3.07020e-15 2.11200e-17
 4.96125e-16 1.68560e-15 1.12785e-15] erg / (s cm2)","[3.79800e-15 4.90200e-15 4.85000e-15 4.07400e-15 4.07400e-15 4.36500e-15
 4.51050e-15 4.07400e-15 4.36500e-15 4.51050e-15 3.07020e-15 2.11200e-17
 4.96125e-16 1.68560e-15 1.12785e-15] erg / (s cm2)","[2.1100e-16 2.5800e-16 8.5000e-16 2.4250e-16 2.4250e-16 6.5475e-16
 7.2750e-16 2.4250e-16 6.5475e-16 7.2750e-16 1.4280e-16 2.0800e-18
 1.4175e-17 6.5800e-17 2.0805e-16] erg / (s cm2)"
66,NGC4395,,,,FIRSTJ122548.9+333248,,,5.31808528514066e+38,1.9259739189875812e+36,1.270232789248219e+40,2.9119103488342776e+37,[3.094e-16 1.666e-17 1.666e-17] erg / (s cm2),[3.094e-16 1.666e-17 1.666e-17] erg / (s cm2),[7.14e-17 1.96e-18 1.96e-18] erg / (s cm2)
67,NGC4414,NVSS J122627+311326,,,,4.514837584304909e+37,1.4867535367476964e+36,5.074678251315779e+39,6.218941847135686e+37,4.7998210797710665e+39,2.380505537600545e+38,"[3.22853416e-12 5.10000000e-15 3.63750000e-15 3.78300000e-15
 3.63750000e-15 3.78300000e-15 3.28440000e-15 3.31090000e-15
 3.39080000e-15 2.32560000e-15 1.19290000e-15 6.58600000e-16] erg / (s cm2)","[3.22853416e-12 5.10000000e-15 3.63750000e-15 3.78300000e-15
 3.63750000e-15 3.78300000e-15 3.28440000e-15 3.31090000e-15
 3.39080000e-15 2.32560000e-15 1.19290000e-15 6.58600000e-16] erg / (s cm2)","[9.22438332e-13 7.00000000e-16 5.45625000e-16 5.33500000e-16
 5.45625000e-16 5.33500000e-16 1.42800000e-16 1.75800000e-16
 1.12000000e-16 2.04000000e-16 8.94675000e-17 1.03600000e-16] erg / (s cm2)"
68,NGC4419,NVSS J122656+150252,NVSS J122656.4+150252,FIRST J122656.4+150250,FIRSTJ122656.4+150250,0.0,0.0,,,,,[1.2660e-15 2.0640e-15 1.7000e-15 1.6490e-15 1.0472e-15 7.7560e-16] erg / (s cm2),[1.2660e-15 2.0640e-15 1.7000e-15 1.6490e-15 1.0472e-15 7.7560e-16] erg / (s cm2),[1.055e-16 2.580e-16 5.000e-16 4.365e-16 9.520e-17 2.940e-17] erg / (s cm2)
69,NGC4429,,,,,,,,,,,[-4.760e-17  1.400e-18  1.568e-17  1.400e-18  1.568e-17] erg / (s cm2),[-4.760e-17  1.400e-18  1.568e-17  1.400e-18  1.568e-17] erg / (s cm2),[9.52e-17 7.00e-18 1.40e-18 7.00e-18 1.40e-18] erg / (s cm2)
70,NGC4438,NVSS B122513+131707,NVSS J122745.5+130030,,FIRSTJ122745.5+130032,,,5.247053808307044e+37,7.017365901038946e+35,2.2059857146096008e+37,2.2410837914308962e+36,"[4.6420e-15 4.2140e-15 3.8577e-15 4.0000e-15 4.2098e-15 2.4250e-16
 4.7045e-15 4.2098e-15 3.3950e-15 2.4250e-16 4.7045e-15 4.2098e-15
 2.4250e-16 4.7045e-15 4.2098e-15 2.4250e-16 4.7045e-15 2.5942e-15
 1.0089e-15 8.9880e-16] erg / (s cm2)","[4.6420e-15 4.2140e-15 3.8577e-15 4.0000e-15 4.2098e-15 2.4250e-16
 4.7045e-15 4.2098e-15 3.3950e-15 2.4250e-16 4.7045e-15 4.2098e-15
 2.4250e-16 4.7045e-15 4.2098e-15 2.4250e-16 4.7045e-15 2.5942e-15
 1.0089e-15 8.9880e-16] erg / (s cm2)","[4.2200e-16 3.4400e-16 5.0100e-16 8.0000e-16 3.1525e-16 2.9100e-17
 4.3650e-16 3.1525e-16 5.0925e-16 2.9100e-17 4.3650e-16 3.1525e-16
 2.9100e-17 4.3650e-16 3.1525e-16 2.9100e-17 4.3650e-16 1.4280e-16
 5.3100e-17 3.7800e-17] erg / (s cm2)"
71,NGC4450,NVSS J122829+170502,NVSS J122829.6+170502,FIRST J122829.5+170506,FIRSTJ122829.5+170506,1.3517351777485613e+37,1.4380161465410223e+36,,,,,"[7.5460e-16 1.4770e-15 1.1180e-15 4.0320e-16 1.8000e-16 6.7900e-16
 2.6180e-16 6.4400e-17 1.4420e-16 1.7745e-16] erg / (s cm2)","[7.5460e-16 1.4770e-15 1.1180e-15 4.0320e-16 1.8000e-16 6.7900e-16
 2.6180e-16 6.4400e-17 1.4420e-16 1.7745e-16] erg / (s cm2)","[4.620e-17 2.110e-16 1.720e-16 2.520e-17 1.000e-17 1.455e-16 9.520e-17
 6.900e-18 1.540e-17 2.730e-17] erg / (s cm2)"
72,NGC4457,NVSS B122625+035049,NVSS J122858.9+033411,,FIRSTJ122859.0+033414,,,,,,,[8.600e-16 7.275e-16 6.426e-16 3.836e-16] erg / (s cm2),[8.600e-16 7.275e-16 6.426e-16 3.836e-16] erg / (s cm2),[1.720e-16 1.455e-16 9.520e-17 2.240e-17] erg / (s cm2)
73,NGC4459,,,,FIRSTJ122859.9+135843,,,1.9421533869374485e+39,4.273239524180419e+37,2.18880076191788e+39,1.2855146599139622e+38,[1.850e-17 4.760e-17 2.800e-18 1.946e-17 2.800e-18 1.946e-17] erg / (s cm2),[1.850e-17 4.760e-17 2.800e-18 1.946e-17 2.800e-18 1.946e-17] erg / (s cm2),[1.50e-18 9.52e-17 7.00e-18 9.80e-19 7.00e-18 9.80e-19] erg / (s cm2)
74,NGC4472,NVSS B122714+081639,NVSS J122946.6+080002,,FIRSTJ122946.7+080001,,,9.459210880151108e+40,1.3355049074305009e+38,1.9036138843023623e+40,2.048689544405911e+38,"[1.4976e-14 6.4500e-16 3.7500e-16 6.4500e-16 3.7500e-16 6.4500e-16
 3.7500e-16 6.4500e-16 3.7500e-16 6.4500e-16 3.7500e-16 6.4500e-16
 3.7500e-16 6.4500e-16 3.7500e-16 6.4500e-16 3.7500e-16 6.4500e-16
 3.7500e-16 6.4500e-16 3.7500e-16 4.4310e-15 4.4720e-15 3.9480e-16
 6.0480e-16 3.9480e-16 6.0480e-16 3.9480e-16 6.0480e-16 3.9480e-16
 6.0480e-16 3.9480e-16 6.0480e-16 3.9480e-16 6.0480e-16 3.1920e-16
 3.9480e-16 6.0480e-16 3.9480e-16 6.0480e-16 3.9480e-16 6.0480e-16
 3.9480e-16 6.0480e-16 4.7595e-15 5.0500e-15 2.4000e-16 2.4000e-16
 2.4000e-16 2.4000e-16 2.4000e-16 2.4000e-16 5.3835e-15 4.0740e-15
 5.2865e-15 4.0740e-15 5.3835e-15 4.0740e-15 5.2865e-15 3.1416e-15
 3.0800e-15 3.5840e-15 3.0800e-15 3.0982e-15] erg / (s cm2)","[1.4976e-14 6.4500e-16 3.7500e-16 6.4500e-16 3.7500e-16 6.4500e-16
 3.7500e-16 6.4500e-16 3.7500e-16 6.4500e-16 3.7500e-16 6.4500e-16
 3.7500e-16 6.4500e-16 3.7500e-16 6.4500e-16 3.7500e-16 6.4500e-16
 3.7500e-16 6.4500e-16 3.7500e-16 4.4310e-15 4.4720e-15 3.9480e-16
 6.0480e-16 3.9480e-16 6.0480e-16 3.9480e-16 6.0480e-16 3.9480e-16
 6.0480e-16 3.9480e-16 6.0480e-16 3.9480e-16 6.0480e-16 3.1920e-16
 3.9480e-16 6.0480e-16 3.9480e-16 6.0480e-16 3.9480e-16 6.0480e-16
 3.9480e-16 6.0480e-16 4.7595e-15 5.0500e-15 2.4000e-16 2.4000e-16
 2.4000e-16 2.4000e-16 2.4000e-16 2.4000e-16 5.3835e-15 4.0740e-15
 5.2865e-15 4.0740e-15 5.3835e-15 4.0740e-15 5.2865e-15 3.1416e-15
 3.0800e-15 3.5840e-15 3.0800e-15 3.0982e-15] erg / (s cm2)","[5.18400e-15 2.55000e-17 2.55000e-17 2.55000e-17 2.55000e-17 2.55000e-17
 2.55000e-17 2.55000e-17 2.55000e-17 2.55000e-17 2.55000e-17 2.55000e-17
 2.55000e-17 2.55000e-17 2.55000e-17 2.55000e-17 2.55000e-17 2.55000e-17
 2.55000e-17 2.55000e-17 2.55000e-17 3.16500e-16 2.58000e-16 5.04000e-18
 5.04000e-18 5.04000e-18 5.04000e-18 5.04000e-18 5.04000e-18 5.04000e-18
 5.04000e-18 5.04000e-18 5.04000e-18 5.04000e-18 5.04000e-18 1.68000e-17
 5.04000e-18 5.04000e-18 5.04000e-18 5.04000e-18 5.04000e-18 5.04000e-18
 5.04000e-18 5.04000e-18 5.01000e-16 1.10000e-15 5.00000e-18 5.00000e-18
 5.00000e-18 5.00000e-18 5.00000e-18 5.00000e-18 8.24500e-16 1.45500e-16
 7.92975e-16 1.45500e-16 8.24500e-16 1.45500e-16 7.92975e-16 1.42800e-16
 1.40000e-16 1.12000e-16 1.40000e-16 1.09200e-16] erg / (s cm2)"
75,NGC4486,NVSS B122817+124004,,FIRST J123049.3+122323,,,,1.9902264727008994e+42,5.540550894563934e+38,9.859148541461647e+41,1.2670574799965015e+39,"[3.93420641e-12 3.45790000e-12 2.34550624e-12 6.76800000e-12
 6.11000000e-12 4.98200000e-12 6.76800000e-12 6.11000000e-12
 4.98200000e-12 6.76800000e-12 6.11000000e-12 4.98200000e-12
 8.19000000e-12 6.07488000e-12 1.67320000e-12 3.83560000e-12
 2.63160000e-12 3.83560000e-12 2.63160000e-12 7.32350147e-12
 8.00800000e-12 5.79500000e-12 5.73400000e-12 5.61200000e-12
 5.91700000e-12 5.79500000e-12 5.73400000e-12 5.61200000e-12
 5.91700000e-12 5.79500000e-12 5.73400000e-12 5.61200000e-12
 5.91700000e-12 5.79500000e-12 5.73400000e-12 5.61200000e-12
 5.91700000e-12 4.66120000e-12 4.51500000e-12 4.66120000e-12
 4.51500000e-12 5.20700000e-12 1.50183000e-12 5.53500000e-12
 5.37100000e-12 5.20700000e-12 1.50183000e-12 5.53500000e-12
 5.37100000e-12 5.20700000e-12 1.50183000e-12 5.53500000e-12
 5.37100000e-12 5.20700000e-12 1.50183000e-12 5.53500000e-12
 5.37100000e-12 5.20700000e-12 1.50183000e-12 5.53500000e-12
 5.37100000e-12 5.21400000e-12 5.31300000e-12 5.21400000e-12
 5.31300000e-12 5.34892859e-12 4.53100000e-12 4.78400000e-12
 4.53100000e-12 4.78400000e-12 4.42640000e-12 4.37580000e-12
 4.42640000e-12 4.37580000e-12 3.76500000e-13 3.95025000e-12
 3.92625000e-12 3.76500000e-13 3.26340000e-13 2.96475000e-13
 3.43485000e-13 3.44325000e-13 3.76500000e-13 3.95025000e-12
 3.92625000e-12 3.26340000e-13 2.96475000e-13 3.43485000e-13
 3.44325000e-13 3.76500000e-13 3.76500000e-13 3.26340000e-13
 2.96475000e-13 3.43485000e-13 3.44325000e-13 3.26340000e-13
 2.96475000e-13 3.43485000e-13 3.44325000e-13 3.95025000e-12
 3.92625000e-12 3.26340000e-13 2.96475000e-13 3.43485000e-13
 3.44325000e-13 3.76500000e-13 3.76500000e-13 4.23160000e-12
 4.23160000e-12 4.23160000e-12 4.23160000e-12 4.05530000e-12
 3.80385000e-12 4.31082000e-12 1.98962400e-13 2.13183600e-13
 2.16157200e-13 2.21667600e-13 1.98962400e-13 2.13183600e-13
 2.16157200e-13 2.21667600e-13 1.98962400e-13 2.13183600e-13
 2.16157200e-13 2.21667600e-13 1.98962400e-13 2.13183600e-13
 2.16157200e-13 2.21667600e-13 1.98962400e-13 2.13183600e-13
 2.16157200e-13 2.21667600e-13 3.92000000e-12 3.48776670e-12
 4.09435660e-12 3.48776670e-12 4.09435660e-12 3.57830000e-12
 3.60500000e-12 3.58000000e-12 3.81850000e-12 1.43755000e-13
 1.54855000e-13 1.43755000e-13 1.54855000e-13 3.57830000e-12
 3.60500000e-12 3.58000000e-12 3.81850000e-12 3.57830000e-12
 3.60500000e-12 3.58000000e-12 3.81850000e-12 3.57830000e-12
 3.60500000e-12 3.58000000e-12 3.81850000e-12 3.57830000e-12
 3.60500000e-12 3.58000000e-12 3.81850000e-12 1.43755000e-13
 1.54855000e-13 2.89739000e-12 2.96630850e-12 2.89739000e-12
 2.96630850e-12 3.26484000e-12 3.26484000e-12 3.18818500e-12
 3.22243845e-12 3.22241150e-12 3.18818500e-12 3.22243845e-12
 3.22241150e-12 3.18818500e-12 3.22243845e-12 3.22241150e-12
 3.35755000e-12 3.19396000e-12 2.99600000e-12 3.08288400e-12
 3.08280000e-12 3.00454000e-12 1.93900000e-12 2.99600000e-12
 3.08288400e-12 3.08280000e-12 3.00454000e-12 1.93900000e-12
 2.99600000e-12 3.08288400e-12 3.08280000e-12 3.00454000e-12
 1.93900000e-12 2.94000000e-12 2.99600000e-12 3.08288400e-12
 3.08280000e-12 3.00454000e-12 1.93900000e-12 2.94000000e-12
 1.93900000e-12 2.06425800e-12 2.52750000e-12 2.76150000e-12
 2.64000000e-12 2.52750000e-12 2.76150000e-12 2.64000000e-12
 2.52750000e-12 2.76150000e-12 2.64000000e-12 2.92277800e-12
 2.11752000e-12 2.08243200e-12 2.11752000e-12 2.08243200e-12
 2.11752000e-12 2.08243200e-12 2.03721000e-12 2.05465400e-12
 1.86900000e-12 1.86900000e-12 2.03721000e-12 2.05465400e-12
 1.86900000e-12 1.86900000e-12 2.03721000e-12 2.05465400e-12
 1.86900000e-12 1.86900000e-12 2.03721000e-12 2.05465400e-12
 1.86900000e-12 1.86900000e-12 2.03721000e-12 2.05465400e-12
 1.86900000e-12 1.86900000e-12 1.21520000e-12 1.21520000e-12
 1.21520000e-12 5.39519200e-13 1.54260400e-12 5.39519200e-13
 1.54260400e-12 1.35660000e-12 1.60078724e-12 1.47722720e-12
 1.35660000e-12 1.60078724e-12 1.47722720e-12 1.35660000e-12
 1.60078724e-12 1.47722720e-12 1.14168300e-12 1.14168300e-12
 1.15825200e-12 1.14168300e-12 1.14168300e-12 1.15825200e-12
 1.14168300e-12 1.14168300e-12 1.15825200e-12 1.46000000e-12
 1.32500000e-12 1.32500000e-12 1.32500000e-12 1.23464000e-12
 1.24866911e-12 1.28700000e-12 1.21000000e-12 1.21000000e-12
 1.21000000e-12 1.28590000e-12 1.28590000e-12 1.28590000e-12
 1.28625000e-12 1.28625000e-12 1.28625000e-12 1.14660000e-12
 1.14660000e-12 1.14660000e-12 9.00000000e-13 9.00000000e-13
 9.00000000e-13 1.10900000e-12 9.95999600e-13 9.00000000e-13
 1.10900000e-12 9.95999600e-13] erg / (s cm2)","[3.93420641e-12 3.45790000e-12 2.34550624e-12 6.76800000e-12
 6.11000000e-12 4.98200000e-12 6.76800000e-12 6.11000000e-12
 4.98200000e-12 6.76800000e-12 6.11000000e-12 4.98200000e-12
 8.19000000e-12 6.07488000e-12 1.67320000e-12 3.83560000e-12
 2.63160000e-12 3.83560000e-12 2.63160000e-12 7.32350147e-12
 8.00800000e-12 5.79500000e-12 5.73400000e-12 5.61200000e-12
 5.91700000e-12 5.79500000e-12 5.73400000e-12 5.61200000e-12
 5.91700000e-12 5.79500000e-12 5.73400000e-12 5.61200000e-12
 5.91700000e-12 5.79500000e-12 5.73400000e-12 5.61200000e-12
 5.91700000e-12 4.66120000e-12 4.51500000e-12 4.66120000e-12
 4.51500000e-12 5.20700000e-12 1.50183000e-12 5.53500000e-12
 5.37100000e-12 5.20700000e-12 1.50183000e-12 5.53500000e-12
 5.37100000e-12 5.20700000e-12 1.50183000e-12 5.53500000e-12
 5.37100000e-12 5.20700000e-12 1.50183000e-12 5.53500000e-12
 5.37100000e-12 5.20700000e-12 1.50183000e-12 5.53500000e-12
 5.37100000e-12 5.21400000e-12 5.31300000e-12 5.21400000e-12
 5.31300000e-12 5.34892859e-12 4.53100000e-12 4.78400000e-12
 4.53100000e-12 4.78400000e-12 4.42640000e-12 4.37580000e-12
 4.42640000e-12 4.37580000e-12 3.76500000e-13 3.95025000e-12
 3.92625000e-12 3.76500000e-13 3.26340000e-13 2.96475000e-13
 3.43485000e-13 3.44325000e-13 3.76500000e-13 3.95025000e-12
 3.92625000e-12 3.26340000e-13 2.96475000e-13 3.43485000e-13
 3.44325000e-13 3.76500000e-13 3.76500000e-13 3.26340000e-13
 2.96475000e-13 3.43485000e-13 3.44325000e-13 3.26340000e-13
 2.96475000e-13 3.43485000e-13 3.44325000e-13 3.95025000e-12
 3.92625000e-12 3.26340000e-13 2.96475000e-13 3.43485000e-13
 3.44325000e-13 3.76500000e-13 3.76500000e-13 4.23160000e-12
 4.23160000e-12 4.23160000e-12 4.23160000e-12 4.05530000e-12
 3.80385000e-12 4.31082000e-12 1.98962400e-13 2.13183600e-13
 2.16157200e-13 2.21667600e-13 1.98962400e-13 2.13183600e-13
 2.16157200e-13 2.21667600e-13 1.98962400e-13 2.13183600e-13
 2.16157200e-13 2.21667600e-13 1.98962400e-13 2.13183600e-13
 2.16157200e-13 2.21667600e-13 1.98962400e-13 2.13183600e-13
 2.16157200e-13 2.21667600e-13 3.92000000e-12 3.48776670e-12
 4.09435660e-12 3.48776670e-12 4.09435660e-12 3.57830000e-12
 3.60500000e-12 3.58000000e-12 3.81850000e-12 1.43755000e-13
 1.54855000e-13 1.43755000e-13 1.54855000e-13 3.57830000e-12
 3.60500000e-12 3.58000000e-12 3.81850000e-12 3.57830000e-12
 3.60500000e-12 3.58000000e-12 3.81850000e-12 3.57830000e-12
 3.60500000e-12 3.58000000e-12 3.81850000e-12 3.57830000e-12
 3.60500000e-12 3.58000000e-12 3.81850000e-12 1.43755000e-13
 1.54855000e-13 2.89739000e-12 2.96630850e-12 2.89739000e-12
 2.96630850e-12 3.26484000e-12 3.26484000e-12 3.18818500e-12
 3.22243845e-12 3.22241150e-12 3.18818500e-12 3.22243845e-12
 3.22241150e-12 3.18818500e-12 3.22243845e-12 3.22241150e-12
 3.35755000e-12 3.19396000e-12 2.99600000e-12 3.08288400e-12
 3.08280000e-12 3.00454000e-12 1.93900000e-12 2.99600000e-12
 3.08288400e-12 3.08280000e-12 3.00454000e-12 1.93900000e-12
 2.99600000e-12 3.08288400e-12 3.08280000e-12 3.00454000e-12
 1.93900000e-12 2.94000000e-12 2.99600000e-12 3.08288400e-12
 3.08280000e-12 3.00454000e-12 1.93900000e-12 2.94000000e-12
 1.93900000e-12 2.06425800e-12 2.52750000e-12 2.76150000e-12
 2.64000000e-12 2.52750000e-12 2.76150000e-12 2.64000000e-12
 2.52750000e-12 2.76150000e-12 2.64000000e-12 2.92277800e-12
 2.11752000e-12 2.08243200e-12 2.11752000e-12 2.08243200e-12
 2.11752000e-12 2.08243200e-12 2.03721000e-12 2.05465400e-12
 1.86900000e-12 1.86900000e-12 2.03721000e-12 2.05465400e-12
 1.86900000e-12 1.86900000e-12 2.03721000e-12 2.05465400e-12
 1.86900000e-12 1.86900000e-12 2.03721000e-12 2.05465400e-12
 1.86900000e-12 1.86900000e-12 2.03721000e-12 2.05465400e-12
 1.86900000e-12 1.86900000e-12 1.21520000e-12 1.21520000e-12
 1.21520000e-12 5.39519200e-13 1.54260400e-12 5.39519200e-13
 1.54260400e-12 1.35660000e-12 1.60078724e-12 1.47722720e-12
 1.35660000e-12 1.60078724e-12 1.47722720e-12 1.35660000e-12
 1.60078724e-12 1.47722720e-12 1.14168300e-12 1.14168300e-12
 1.15825200e-12 1.14168300e-12 1.14168300e-12 1.15825200e-12
 1.14168300e-12 1.14168300e-12 1.15825200e-12 1.46000000e-12
 1.32500000e-12 1.32500000e-12 1.32500000e-12 1.23464000e-12
 1.24866911e-12 1.28700000e-12 1.21000000e-12 1.21000000e-12
 1.21000000e-12 1.28590000e-12 1.28590000e-12 1.28590000e-12
 1.28625000e-12 1.28625000e-12 1.28625000e-12 1.14660000e-12
 1.14660000e-12 1.14660000e-12 9.00000000e-13 9.00000000e-13
 9.00000000e-13 1.10900000e-12 9.95999600e-13 9.00000000e-13
 1.10900000e-12 9.95999600e-13] erg / (s cm2)","[8.33423033e-15 1.83200000e-13 1.82873399e-15 3.76000000e-13
 3.76000000e-13 5.64000000e-13 3.76000000e-13 3.76000000e-13
 5.64000000e-13 3.76000000e-13 3.76000000e-13 5.64000000e-13
 1.23300000e-12 2.32960000e-13 8.90000000e-14 1.89200000e-13
 1.29000000e-13 1.89200000e-13 1.29000000e-13 2.99792458e-13
 7.70000000e-13 1.83000000e-13 3.05000000e-13 2.44000000e-13
 1.22000000e-13 1.83000000e-13 3.05000000e-13 2.44000000e-13
 1.22000000e-13 1.83000000e-13 3.05000000e-13 2.44000000e-13
 1.22000000e-13 1.83000000e-13 3.05000000e-13 2.44000000e-13
 1.22000000e-13 6.57900000e-13 7.65400000e-13 6.57900000e-13
 7.65400000e-13 8.20000000e-14 9.30700000e-14 4.10000000e-14
 8.20000000e-14 8.20000000e-14 9.30700000e-14 4.10000000e-14
 8.20000000e-14 8.20000000e-14 9.30700000e-14 4.10000000e-14
 8.20000000e-14 8.20000000e-14 9.30700000e-14 4.10000000e-14
 8.20000000e-14 8.20000000e-14 9.30700000e-14 4.10000000e-14
 8.20000000e-14 6.60000000e-14 2.64000000e-14 6.60000000e-14
 2.64000000e-14 1.10449853e-13 2.30000000e-14 1.15000000e-14
 2.30000000e-14 1.15000000e-14 1.78200000e-13 1.58400000e-13
 1.78200000e-13 1.58400000e-13 1.88250000e-14 3.30000000e-15
 3.90000000e-15 1.88250000e-14 2.55000000e-17 2.55000000e-17
 2.55000000e-17 2.55000000e-17 1.88250000e-14 3.30000000e-15
 3.90000000e-15 2.55000000e-17 2.55000000e-17 2.55000000e-17
 2.55000000e-17 1.88250000e-14 1.88250000e-14 2.55000000e-17
 2.55000000e-17 2.55000000e-17 2.55000000e-17 2.55000000e-17
 2.55000000e-17 2.55000000e-17 2.55000000e-17 3.30000000e-15
 3.90000000e-15 2.55000000e-17 2.55000000e-17 2.55000000e-17
 2.55000000e-17 1.88250000e-14 1.88250000e-14 6.25800000e-14
 6.25800000e-14 6.25800000e-14 6.25800000e-14 1.11280000e-13
 1.04432000e-13 1.33050000e-13 5.04000000e-18 5.04000000e-18
 5.04000000e-18 5.04000000e-18 5.04000000e-18 5.04000000e-18
 5.04000000e-18 5.04000000e-18 5.04000000e-18 5.04000000e-18
 5.04000000e-18 5.04000000e-18 5.04000000e-18 5.04000000e-18
 5.04000000e-18 5.04000000e-18 5.04000000e-18 5.04000000e-18
 5.04000000e-18 5.04000000e-18 1.96000000e-13 1.04688100e-13
 2.14385200e-13 1.04688100e-13 2.14385200e-13 4.96500000e-14
 1.80250000e-13 1.79000000e-13 1.92000000e-13 5.00000000e-18
 5.00000000e-18 5.00000000e-18 5.00000000e-18 4.96500000e-14
 1.80250000e-13 1.79000000e-13 1.92000000e-13 4.96500000e-14
 1.80250000e-13 1.79000000e-13 1.92000000e-13 4.96500000e-14
 1.80250000e-13 1.79000000e-13 1.92000000e-13 4.96500000e-14
 1.80250000e-13 1.79000000e-13 1.92000000e-13 5.00000000e-18
 5.00000000e-18 4.34608500e-13 4.10261500e-13 4.34608500e-13
 4.10261500e-13 1.63350000e-13 1.63350000e-13 1.59409250e-13
 3.26903500e-14 3.26095000e-14 1.59409250e-13 3.26903500e-14
 3.26095000e-14 1.59409250e-13 3.26903500e-14 3.26095000e-14
 1.06000000e-13 1.59460000e-13 1.49800000e-13 1.29654000e-13
 1.54000000e-13 1.46440000e-13 6.86000000e-14 1.49800000e-13
 1.29654000e-13 1.54000000e-13 1.46440000e-13 6.86000000e-14
 1.49800000e-13 1.29654000e-13 1.54000000e-13 1.46440000e-13
 6.86000000e-14 1.40000000e-13 1.49800000e-13 1.29654000e-13
 1.54000000e-13 1.46440000e-13 6.86000000e-14 1.40000000e-13
 6.86000000e-14 6.80540000e-14 1.27500000e-13 1.38000000e-13
 1.32000000e-13 1.27500000e-13 1.38000000e-13 1.32000000e-13
 1.27500000e-13 1.38000000e-13 1.32000000e-13 1.18745000e-13
 0.00000000e+00 3.16444800e-13 0.00000000e+00 3.16444800e-13
 0.00000000e+00 3.16444800e-13 1.01860500e-13 1.02706000e-13
 1.49520000e-13 1.86900000e-13 1.01860500e-13 1.02706000e-13
 1.49520000e-13 1.86900000e-13 1.01860500e-13 1.02706000e-13
 1.49520000e-13 1.86900000e-13 1.01860500e-13 1.02706000e-13
 1.49520000e-13 1.86900000e-13 1.01860500e-13 1.02706000e-13
 1.49520000e-13 1.86900000e-13 1.82400000e-13 1.82400000e-13
 1.82400000e-13 5.50708000e-14 9.54600000e-16 5.50708000e-14
 9.54600000e-16 2.03490000e-13 8.00394000e-14 6.65380000e-14
 2.03490000e-13 8.00394000e-14 6.65380000e-14 2.03490000e-13
 8.00394000e-14 6.65380000e-14 6.10160000e-14 6.10160000e-14
 6.10160000e-14 6.10160000e-14 6.10160000e-14 6.10160000e-14
 6.10160000e-14 6.10160000e-14 6.10160000e-14 1.75000000e-13
 1.85500000e-13 1.85500000e-13 1.85500000e-13 7.59000000e-14
 1.11249778e-13 1.67000000e-13 1.69400000e-13 1.69400000e-13
 1.69400000e-13 1.80026000e-13 1.80026000e-13 1.80026000e-13
 1.80075000e-13 1.80075000e-13 1.80075000e-13 1.60524000e-13
 1.60524000e-13 1.60524000e-13 1.62000000e-13 1.62000000e-13
 1.62000000e-13 1.99500000e-13 2.40000000e-13 1.62000000e-13
 1.99500000e-13 2.40000000e-13] erg / (s cm2)"
76,NGC4501,NVSS J123158+142505,,,FIRSTJ123159.1+142513,5.383027870542737e+38,1.7289406710345788e+37,,,,,"[5.06400e-15 5.59075e-15 7.10600e-16 5.59075e-15 7.10600e-16 4.47200e-15
 4.90980e-15 3.70000e-15 5.09250e-16 4.96640e-15 3.54050e-15 5.09250e-16
 4.96640e-15 3.54050e-15 5.09250e-16 4.96640e-15 4.31650e-15 3.54050e-15
 4.12250e-15 5.09250e-16 4.96640e-15 3.54050e-15 5.09250e-16 4.96640e-15
 4.31650e-15 3.54050e-15 4.12250e-15 3.73660e-15 1.16800e-17 3.87800e-15] erg / (s cm2)","[5.06400e-15 5.59075e-15 7.10600e-16 5.59075e-15 7.10600e-16 4.47200e-15
 4.90980e-15 3.70000e-15 5.09250e-16 4.96640e-15 3.54050e-15 5.09250e-16
 4.96640e-15 3.54050e-15 5.09250e-16 4.96640e-15 4.31650e-15 3.54050e-15
 4.12250e-15 5.09250e-16 4.96640e-15 3.54050e-15 5.09250e-16 4.96640e-15
 4.31650e-15 3.54050e-15 4.12250e-15 3.73660e-15 1.16800e-17 3.87800e-15] erg / (s cm2)","[4.22000e-16 5.32950e-16 1.67200e-16 5.32950e-16 1.67200e-16 4.30000e-16
 5.01000e-16 8.50000e-16 4.85000e-17 3.92850e-16 8.24500e-16 4.85000e-17
 3.92850e-16 8.24500e-16 4.85000e-17 3.92850e-16 6.30500e-16 8.24500e-16
 6.18375e-16 4.85000e-17 3.92850e-16 8.24500e-16 4.85000e-17 3.92850e-16
 6.30500e-16 8.24500e-16 6.18375e-16 1.66600e-16 1.12000e-18 1.26000e-16] erg / (s cm2)"
77,NGC4527,NVSS B123135+025546,NVSS J123408.5+023914,FIRST J123408.4+023914,FIRSTJ123408.4+023914,,,,,,,"[2.9540e-15 3.0960e-15 3.4920e-15 3.4920e-15 7.3235e-15 5.3350e-15
 3.4920e-15 7.3235e-15 5.3350e-15 3.0702e-15 2.6370e-15 2.4920e-15] erg / (s cm2)","[2.9540e-15 3.0960e-15 3.4920e-15 3.4920e-15 7.3235e-15 5.3350e-15
 3.4920e-15 7.3235e-15 5.3350e-15 3.0702e-15 2.6370e-15 2.4920e-15] erg / (s cm2)","[4.220000e-16 3.440000e-16 9.700000e-17 9.700000e-17 1.098525e-15
 5.820000e-16 9.700000e-17 1.098525e-15 5.820000e-16 1.428000e-16
 1.465000e-16 8.680000e-17] erg / (s cm2)"
78,NGC4548,,,,,,,,,,,[8.31125e-12 2.76450e-16 2.91000e-17 2.76450e-16 2.91000e-17 2.14200e-16] erg / (s cm2),[8.31125e-12 2.76450e-16 2.91000e-17 2.76450e-16 2.91000e-17 2.14200e-16] erg / (s cm2),[5.232e-13 8.730e-17 1.455e-17 8.730e-17 1.455e-17 9.520e-17] erg / (s cm2)
79,NGC4550,,,,,,,,,,,[ 1.9539e-15  1.9040e-16 -2.8000e-18] erg / (s cm2),[ 1.9539e-15  1.9040e-16 -2.8000e-18] erg / (s cm2),[5.01e-16 9.52e-17 7.00e-18] erg / (s cm2)
80,NGC4552,NVSS B123308+124953,NVSS J123539.7+123322,FIRST J123539.8+123322,FIRSTJ123539.8+123322,,,2.295788149087533e+39,1.580293439728444e+37,1.250344595150411e+39,3.733410360049418e+37,"[1.16784500e-14 1.17120000e-14 1.62744477e-13 2.84013908e-14
 1.27350000e-14 1.25550000e-14 1.23000000e-14 1.25550000e-14
 1.27350000e-14 1.25550000e-14 1.23000000e-14 1.25550000e-14
 1.27350000e-14 1.25550000e-14 1.23000000e-14 1.25550000e-14
 1.27350000e-14 1.25550000e-14 1.23000000e-14 1.25550000e-14
 1.27350000e-14 1.25550000e-14 1.23000000e-14 1.25550000e-14
 4.43100000e-15 4.04200000e-15 8.82000000e-15 8.83680000e-15
 8.73600000e-15 8.80320000e-15 8.82000000e-15 8.83680000e-15
 8.73600000e-15 8.80320000e-15 8.82000000e-15 8.83680000e-15
 8.73600000e-15 8.80320000e-15 8.82000000e-15 8.83680000e-15
 8.73600000e-15 8.80320000e-15 8.82000000e-15 8.83680000e-15
 8.73600000e-15 8.80320000e-15 8.82000000e-15 8.83680000e-15
 8.73600000e-15 8.80320000e-15 8.82000000e-15 8.83680000e-15
 8.73600000e-15 8.80320000e-15 6.58500000e-15 6.55500000e-15
 4.35000000e-15 6.58500000e-15 6.55500000e-15 2.81300000e-15
 2.81300000e-15 2.95850000e-15 3.10400000e-15 2.81300000e-15
 2.95850000e-15 3.10400000e-15 2.18960000e-15 1.44340000e-15
 1.40000000e-15 1.40000000e-15 1.26945000e-15] erg / (s cm2)","[1.16784500e-14 1.17120000e-14 1.62744477e-13 2.84013908e-14
 1.27350000e-14 1.25550000e-14 1.23000000e-14 1.25550000e-14
 1.27350000e-14 1.25550000e-14 1.23000000e-14 1.25550000e-14
 1.27350000e-14 1.25550000e-14 1.23000000e-14 1.25550000e-14
 1.27350000e-14 1.25550000e-14 1.23000000e-14 1.25550000e-14
 1.27350000e-14 1.25550000e-14 1.23000000e-14 1.25550000e-14
 4.43100000e-15 4.04200000e-15 8.82000000e-15 8.83680000e-15
 8.73600000e-15 8.80320000e-15 8.82000000e-15 8.83680000e-15
 8.73600000e-15 8.80320000e-15 8.82000000e-15 8.83680000e-15
 8.73600000e-15 8.80320000e-15 8.82000000e-15 8.83680000e-15
 8.73600000e-15 8.80320000e-15 8.82000000e-15 8.83680000e-15
 8.73600000e-15 8.80320000e-15 8.82000000e-15 8.83680000e-15
 8.73600000e-15 8.80320000e-15 8.82000000e-15 8.83680000e-15
 8.73600000e-15 8.80320000e-15 6.58500000e-15 6.55500000e-15
 4.35000000e-15 6.58500000e-15 6.55500000e-15 2.81300000e-15
 2.81300000e-15 2.95850000e-15 3.10400000e-15 2.81300000e-15
 2.95850000e-15 3.10400000e-15 2.18960000e-15 1.44340000e-15
 1.40000000e-15 1.40000000e-15 1.26945000e-15] erg / (s cm2)","[3.92472500e-15 3.93600000e-15 6.85239904e-14 1.89342605e-14
 2.55000000e-17 2.55000000e-17 2.55000000e-17 2.55000000e-17
 2.55000000e-17 2.55000000e-17 2.55000000e-17 2.55000000e-17
 2.55000000e-17 2.55000000e-17 2.55000000e-17 2.55000000e-17
 2.55000000e-17 2.55000000e-17 2.55000000e-17 2.55000000e-17
 2.55000000e-17 2.55000000e-17 2.55000000e-17 2.55000000e-17
 6.33000000e-16 2.58000000e-16 5.04000000e-18 5.04000000e-18
 5.04000000e-18 5.04000000e-18 5.04000000e-18 5.04000000e-18
 5.04000000e-18 5.04000000e-18 5.04000000e-18 5.04000000e-18
 5.04000000e-18 5.04000000e-18 5.04000000e-18 5.04000000e-18
 5.04000000e-18 5.04000000e-18 5.04000000e-18 5.04000000e-18
 5.04000000e-18 5.04000000e-18 5.04000000e-18 5.04000000e-18
 5.04000000e-18 5.04000000e-18 5.04000000e-18 5.04000000e-18
 5.04000000e-18 5.04000000e-18 5.00000000e-18 5.00000000e-18
 1.15000000e-15 5.00000000e-18 5.00000000e-18 9.70000000e-17
 9.70000000e-17 4.43775000e-16 5.33500000e-16 9.70000000e-17
 4.43775000e-16 5.33500000e-16 1.19000000e-16 5.18000000e-17
 4.20000000e-17 4.20000000e-17 6.82500000e-17] erg / (s cm2)"
81,NGC4565,,,,,,,,,,,"[2.25000e-16 2.85000e-16 4.65000e-16 2.70000e-16 2.25000e-16 2.85000e-16
 4.65000e-16 2.70000e-16 2.25000e-16 2.85000e-16 4.65000e-16 2.70000e-16
 2.25000e-16 2.85000e-16 4.65000e-16 2.70000e-16 2.25000e-16 2.85000e-16
 4.65000e-16 2.70000e-16 2.01600e-16 2.10000e-16 2.01600e-16 2.01600e-16
 2.01600e-16 2.10000e-16 2.01600e-16 2.01600e-16 2.01600e-16 2.10000e-16
 2.01600e-16 2.01600e-16 2.01600e-16 2.10000e-16 2.01600e-16 2.01600e-16
 1.59600e-16 2.25000e-15 1.25000e-16 1.25000e-16 1.25000e-16 1.25000e-16
 1.25000e-16 1.25000e-16 9.75800e-16 2.47275e-17 8.16200e-16] erg / (s cm2)","[2.25000e-16 2.85000e-16 4.65000e-16 2.70000e-16 2.25000e-16 2.85000e-16
 4.65000e-16 2.70000e-16 2.25000e-16 2.85000e-16 4.65000e-16 2.70000e-16
 2.25000e-16 2.85000e-16 4.65000e-16 2.70000e-16 2.25000e-16 2.85000e-16
 4.65000e-16 2.70000e-16 2.01600e-16 2.10000e-16 2.01600e-16 2.01600e-16
 2.01600e-16 2.10000e-16 2.01600e-16 2.01600e-16 2.01600e-16 2.10000e-16
 2.01600e-16 2.01600e-16 2.01600e-16 2.10000e-16 2.01600e-16 2.01600e-16
 1.59600e-16 2.25000e-15 1.25000e-16 1.25000e-16 1.25000e-16 1.25000e-16
 1.25000e-16 1.25000e-16 9.75800e-16 2.47275e-17 8.16200e-16] erg / (s cm2)","[2.550e-17 2.550e-17 2.550e-17 2.550e-17 2.550e-17 2.550e-17 2.550e-17
 2.550e-17 2.550e-17 2.550e-17 2.550e-17 2.550e-17 2.550e-17 2.550e-17
 2.550e-17 2.550e-17 2.550e-17 2.550e-17 2.550e-17 2.550e-17 5.040e-18
 5.040e-18 5.040e-18 5.040e-18 5.040e-18 5.040e-18 5.040e-18 5.040e-18
 5.040e-18 5.040e-18 5.040e-18 5.040e-18 5.040e-18 5.040e-18 5.040e-18
 5.040e-18 8.400e-18 5.500e-16 5.000e-18 5.000e-18 5.000e-18 5.000e-18
 5.000e-18 5.000e-18 7.140e-17 1.575e-19 4.340e-17] erg / (s cm2)"
82,NGC4569,NVSS B123418+132627,,,FIRSTJ123649.8+130946,,,0.0,0.0,0.0,0.0,[3.1650e-15 2.0541e-15 1.9400e-15 1.4994e-15 2.3205e-15] erg / (s cm2),[3.1650e-15 2.0541e-15 1.9400e-15 1.4994e-15 2.3205e-15] erg / (s cm2),[6.330e-16 5.010e-16 2.910e-16 1.428e-16 1.365e-16] erg / (s cm2)
83,NGC4579,NVSS J123743+114908,NVSS J123743.7+114907,FIRST J123743.5+114905,FIRSTJ123743.5+114905,8.234542012872163e+37,3.062432898867011e+36,2.417222100151662e+41,6.550149708294355e+38,3.6101770692428655e+41,2.4285023250405055e+39,"[5.20500000e-13 3.29771704e-14 2.53000000e-14 3.61716920e-14
 1.32250000e-14 1.09923901e-14 2.74560000e-14 2.56543000e-14
 6.30720000e-15 2.46420000e-15 2.35620000e-15 3.52500000e-15
 3.30000000e-15 3.61500000e-15 3.54000000e-15 3.52500000e-15
 3.30000000e-15 3.61500000e-15 3.54000000e-15 3.52500000e-15
 3.30000000e-15 3.61500000e-15 3.54000000e-15 3.52500000e-15
 3.30000000e-15 3.61500000e-15 3.54000000e-15 3.52500000e-15
 3.30000000e-15 3.61500000e-15 3.54000000e-15 8.65100000e-15
 5.16000000e-15 2.27640000e-15 2.15040000e-15 2.34360000e-15
 2.31000000e-15 2.27640000e-15 2.15040000e-15 2.34360000e-15
 2.31000000e-15 2.27640000e-15 2.15040000e-15 2.34360000e-15
 2.31000000e-15 2.27640000e-15 2.15040000e-15 2.34360000e-15
 2.31000000e-15 1.36080000e-15 3.15630000e-15 1.45500000e-15
 1.30500000e-15 1.45500000e-15 1.30500000e-15 9.60000000e-16
 1.45500000e-15 1.30500000e-15 2.85000000e-15 8.58280000e-16
 2.71600000e-15 4.80150000e-15 2.61900000e-15 4.80150000e-15
 2.71600000e-15 4.80150000e-15 2.61900000e-15 2.26100000e-15
 4.07100000e-16 2.61800000e-16 3.37410000e-16 3.37410000e-16
 1.37480000e-15] erg / (s cm2)","[5.20500000e-13 3.29771704e-14 2.53000000e-14 3.61716920e-14
 1.32250000e-14 1.09923901e-14 2.74560000e-14 2.56543000e-14
 6.30720000e-15 2.46420000e-15 2.35620000e-15 3.52500000e-15
 3.30000000e-15 3.61500000e-15 3.54000000e-15 3.52500000e-15
 3.30000000e-15 3.61500000e-15 3.54000000e-15 3.52500000e-15
 3.30000000e-15 3.61500000e-15 3.54000000e-15 3.52500000e-15
 3.30000000e-15 3.61500000e-15 3.54000000e-15 3.52500000e-15
 3.30000000e-15 3.61500000e-15 3.54000000e-15 8.65100000e-15
 5.16000000e-15 2.27640000e-15 2.15040000e-15 2.34360000e-15
 2.31000000e-15 2.27640000e-15 2.15040000e-15 2.34360000e-15
 2.31000000e-15 2.27640000e-15 2.15040000e-15 2.34360000e-15
 2.31000000e-15 2.27640000e-15 2.15040000e-15 2.34360000e-15
 2.31000000e-15 1.36080000e-15 3.15630000e-15 1.45500000e-15
 1.30500000e-15 1.45500000e-15 1.30500000e-15 9.60000000e-16
 1.45500000e-15 1.30500000e-15 2.85000000e-15 8.58280000e-16
 2.71600000e-15 4.80150000e-15 2.61900000e-15 4.80150000e-15
 2.71600000e-15 4.80150000e-15 2.61900000e-15 2.26100000e-15
 4.07100000e-16 2.61800000e-16 3.37410000e-16 3.37410000e-16
 1.37480000e-15] erg / (s cm2)","[1.04100000e-13 5.99584916e-15 2.30000000e-15 1.22821790e-14
 3.45000000e-16 3.99723277e-16 7.87200000e-15 4.40335000e-15
 1.42560000e-15 4.21800000e-16 1.38600000e-16 2.55000000e-17
 2.55000000e-17 2.55000000e-17 2.55000000e-17 2.55000000e-17
 2.55000000e-17 2.55000000e-17 2.55000000e-17 2.55000000e-17
 2.55000000e-17 2.55000000e-17 2.55000000e-17 2.55000000e-17
 2.55000000e-17 2.55000000e-17 2.55000000e-17 2.55000000e-17
 2.55000000e-17 2.55000000e-17 2.55000000e-17 4.22000000e-16
 6.02000000e-16 5.04000000e-18 5.04000000e-18 5.04000000e-18
 5.04000000e-18 5.04000000e-18 5.04000000e-18 5.04000000e-18
 5.04000000e-18 5.04000000e-18 5.04000000e-18 5.04000000e-18
 5.04000000e-18 5.04000000e-18 5.04000000e-18 5.04000000e-18
 5.04000000e-18 7.56000000e-17 5.01000000e-16 5.00000000e-18
 5.00000000e-18 5.00000000e-18 5.00000000e-18 1.20000000e-16
 5.00000000e-18 5.00000000e-18 8.50000000e-16 1.49700000e-17
 4.85000000e-16 4.85000000e-16 3.92850000e-16 4.85000000e-16
 4.85000000e-16 4.85000000e-16 3.92850000e-16 1.19000000e-16
 5.06000000e-17 3.91000000e-17 1.63000000e-17 1.63000000e-17
 5.18000000e-17] erg / (s cm2)"
84,NGC4589,NVSS J123725+741131,NVSS J123725.0+741130,,,5.181721615542841e+37,2.1121147889440926e+36,,,,,"[7.08365e-15 1.35800e-15 1.26100e-15 1.35800e-15 1.26100e-15 4.84400e-16
 5.18000e-16 5.29200e-16 5.18000e-16 1.33250e-16] erg / (s cm2)","[7.08365e-15 1.35800e-15 1.26100e-15 1.35800e-15 1.26100e-15 4.84400e-16
 5.18000e-16 5.29200e-16 5.18000e-16 1.33250e-16] erg / (s cm2)","[2.87175e-15 2.91000e-16 1.89150e-16 2.91000e-16 1.89150e-16 1.54000e-17
 2.80000e-17 2.10000e-17 2.80000e-17 3.25000e-18] erg / (s cm2)"
85,NGC4636,NVSS B124017+025743,,,FIRSTJ124249.9+024116,,,1.5026547469113672e+41,3.572928483044723e+38,1.0553999899725821e+40,3.0480078709100713e+38,"[2.1100e-15 1.6340e-15 3.6375e-15 1.8430e-15 1.8430e-15 1.5232e-15
 1.0920e-15 1.0920e-15 1.1018e-15 6.6600e-16] erg / (s cm2)","[2.1100e-15 1.6340e-15 3.6375e-15 1.8430e-15 1.8430e-15 1.5232e-15
 1.0920e-15 1.0920e-15 1.1018e-15 6.6600e-16] erg / (s cm2)","[4.220e-16 1.720e-16 5.335e-16 1.455e-16 1.455e-16 9.520e-17 4.200e-17
 4.200e-17 4.060e-17 1.184e-16] erg / (s cm2)"
86,NGC4736,NVSS J125053+410708,,,FIRSTJ125053.0+410713,8.001760117237256e+36,2.5958181841067387e+35,2.485403093245025e+39,1.0866206105589572e+37,3.659223831249346e+39,3.723258724248194e+37,"[1.25912832e-11 5.53462999e-12 4.50000000e-15 5.67450000e-15
 5.77150000e-15 5.67450000e-15 5.77150000e-15 1.24460000e-16
 1.24460000e-16 4.36800000e-15 1.79520000e-15 1.67610000e-15
 1.20800000e-15 1.67610000e-15 1.20800000e-15 8.05000000e-16] erg / (s cm2)","[1.25912832e-11 5.53462999e-12 4.50000000e-15 5.67450000e-15
 5.77150000e-15 5.67450000e-15 5.77150000e-15 1.24460000e-16
 1.24460000e-16 4.36800000e-15 1.79520000e-15 1.67610000e-15
 1.20800000e-15 1.67610000e-15 1.20800000e-15 8.05000000e-16] erg / (s cm2)","[4.49688687e-12 6.91828749e-13 6.50000000e-16 8.51175000e-16
 7.27500000e-16 8.51175000e-16 7.27500000e-16 6.22300000e-18
 6.22300000e-18 1.36500000e-16 8.16000000e-17 1.66100000e-16
 7.55000000e-17 1.66100000e-16 7.55000000e-17 2.87500000e-16] erg / (s cm2)"
87,NGC4750,,NVSS J125007.2+725228,,,,,,,,,[4.9840e-16 4.8860e-16 3.0875e-16] erg / (s cm2),[4.9840e-16 4.8860e-16 3.0875e-16] erg / (s cm2),[2.52e-17 1.54e-17 2.60e-17] erg / (s cm2)
88,NGC4772,,,,FIRSTJ125329.1+021006,,,,,,,"[6.816e-15 5.850e-16 7.650e-16 4.950e-16 5.400e-16 5.850e-16 7.650e-16
 4.950e-16 5.400e-16 5.850e-16 7.650e-16 4.950e-16 5.400e-16 5.850e-16
 7.650e-16 4.950e-16 5.400e-16 5.850e-16 7.650e-16 4.950e-16 5.400e-16
 2.436e-16 2.352e-16 2.436e-16 2.352e-16 2.436e-16 2.352e-16 2.436e-16
 2.352e-16 2.436e-16 2.352e-16 2.436e-16 2.352e-16 2.436e-16 2.352e-16
 2.436e-16 2.352e-16 9.000e-17 9.500e-17 9.000e-17 9.500e-17 9.520e-17] erg / (s cm2)","[6.816e-15 5.850e-16 7.650e-16 4.950e-16 5.400e-16 5.850e-16 7.650e-16
 4.950e-16 5.400e-16 5.850e-16 7.650e-16 4.950e-16 5.400e-16 5.850e-16
 7.650e-16 4.950e-16 5.400e-16 5.850e-16 7.650e-16 4.950e-16 5.400e-16
 2.436e-16 2.352e-16 2.436e-16 2.352e-16 2.436e-16 2.352e-16 2.436e-16
 2.352e-16 2.436e-16 2.352e-16 2.436e-16 2.352e-16 2.436e-16 2.352e-16
 2.436e-16 2.352e-16 9.000e-17 9.500e-17 9.000e-17 9.500e-17 9.520e-17] erg / (s cm2)","[2.304e-15 2.550e-17 2.550e-17 2.550e-17 2.550e-17 2.550e-17 2.550e-17
 2.550e-17 2.550e-17 2.550e-17 2.550e-17 2.550e-17 2.550e-17 2.550e-17
 2.550e-17 2.550e-17 2.550e-17 2.550e-17 2.550e-17 2.550e-17 2.550e-17
 5.040e-18 5.040e-18 5.040e-18 5.040e-18 5.040e-18 5.040e-18 5.040e-18
 5.040e-18 5.040e-18 5.040e-18 5.040e-18 5.040e-18 5.040e-18 5.040e-18
 5.040e-18 5.040e-18 5.000e-18 5.000e-18 5.000e-18 5.000e-18 9.520e-17] erg / (s cm2)"
89,NGC4826,NVSS J125643+214100,NVSS J125643.5+214059,,FIRSTJ125643.6+214100,7.038764130593046e+36,2.6069497115944652e+35,,,,,"[2.9000e-15 2.6190e-15 2.7160e-15 2.6190e-15 2.7160e-15 1.5946e-15
 1.4154e-15 1.5015e-15 4.6810e-16] erg / (s cm2)","[2.9000e-15 2.6190e-15 2.7160e-15 2.6190e-15 2.7160e-15 1.5946e-15
 1.4154e-15 1.5015e-15 4.6810e-16] erg / (s cm2)","[6.00000e-16 3.92850e-16 4.36500e-16 3.92850e-16 4.36500e-16 9.52000e-17
 5.18000e-17 1.36500e-16 9.59605e-17] erg / (s cm2)"
90,NGC5005,NVSS J131056+370332,NVSS J131056.1+370332,FIRST J131056.2+370333,FIRSTJ131056.2+370333,5.968001230255801e+37,2.0465490314867293e+36,1.2819109614744195e+40,2.1297683533491883e+38,1.3002848698132549e+40,6.3532948374201826e+38,"[3.60000e-15 4.67500e-16 3.00700e-15 2.86150e-15 3.00700e-15 2.86150e-15
 2.41725e-15 4.98540e-16 2.55780e-15 2.43740e-15 4.98540e-16 2.55780e-15
 4.98540e-16 2.55780e-15 1.69320e-15 6.24150e-16 1.78750e-15 1.40430e-15
 1.46470e-15 1.40430e-15 1.46470e-15 8.02160e-16 8.21400e-16 9.20000e-16] erg / (s cm2)","[3.60000e-15 4.67500e-16 3.00700e-15 2.86150e-15 3.00700e-15 2.86150e-15
 2.41725e-15 4.98540e-16 2.55780e-15 2.43740e-15 4.98540e-16 2.55780e-15
 4.98540e-16 2.55780e-15 1.69320e-15 6.24150e-16 1.78750e-15 1.40430e-15
 1.46470e-15 1.40430e-15 1.46470e-15 8.02160e-16 8.21400e-16 9.20000e-16] erg / (s cm2)","[6.50000e-16 5.10000e-17 4.36500e-16 4.29225e-16 4.36500e-16 4.29225e-16
 1.46500e-16 2.49270e-17 8.82000e-17 7.42000e-17 2.49270e-17 8.82000e-17
 2.49270e-17 8.82000e-17 2.85600e-16 6.57000e-17 5.85000e-17 7.55000e-17
 1.66100e-16 7.55000e-17 1.66100e-16 8.14000e-17 1.03600e-16 1.72500e-16] erg / (s cm2)"
91,NGC5012,NVSS J131137+225453,NVSS J131137.0+225452,,,7.6153628421391975e+37,4.871780881649858e+36,,,,,[3.808e-16 4.396e-16 3.322e-16] erg / (s cm2),[3.808e-16 4.396e-16 3.322e-16] erg / (s cm2),[7.14000e-17 2.80000e-17 8.60398e-17] erg / (s cm2)
92,NGC5033,NVSS J131327+363540,,,FIRSTJ131327.5+363538,3.063306596031818e+37,1.1345579985303029e+36,5.84675555242616e+40,1.9324977575507993e+38,1.0520017957229597e+41,7.993278230592498e+38,"[3.12000e-15 9.84480e-16 2.70000e-15 3.80000e-17 2.22754e-15 6.30810e-16
 1.94622e-15 6.30810e-16 1.94622e-15 3.97700e-15 3.39500e-15 3.97700e-15
 3.39500e-15 2.42760e-15 1.08800e-17 1.57680e-15 1.71920e-15 1.29220e-16
 4.97574e-15 1.71920e-15 1.29220e-16 4.97574e-15 4.97574e-15 1.71920e-15
 1.29220e-16 3.27600e-15 2.24808e-15 1.34390e-15 1.49490e-15 1.34390e-15
 1.49490e-15 9.20000e-16] erg / (s cm2)","[3.12000e-15 9.84480e-16 2.70000e-15 3.80000e-17 2.22754e-15 6.30810e-16
 1.94622e-15 6.30810e-16 1.94622e-15 3.97700e-15 3.39500e-15 3.97700e-15
 3.39500e-15 2.42760e-15 1.08800e-17 1.57680e-15 1.71920e-15 1.29220e-16
 4.97574e-15 1.71920e-15 1.29220e-16 4.97574e-15 4.97574e-15 1.71920e-15
 1.29220e-16 3.27600e-15 2.24808e-15 1.34390e-15 1.49490e-15 1.34390e-15
 1.49490e-15 9.20000e-16] erg / (s cm2)","[3.6000e-16 1.0080e-17 4.5000e-16 4.0000e-18 1.1270e-17 3.9120e-17
 9.7800e-17 3.9120e-17 9.7800e-17 5.9655e-16 4.8500e-16 5.9655e-16
 4.8500e-16 1.1900e-16 1.1200e-18 8.1760e-17 6.3000e-17 6.4610e-18
 2.2960e-17 6.3000e-17 6.4610e-18 2.2960e-17 2.2960e-17 6.3000e-17
 6.4610e-18 1.3650e-16 2.8560e-16 7.5500e-17 1.6610e-16 7.5500e-17
 1.6610e-16 3.4500e-16] erg / (s cm2)"
93,NGC5055,NVSS J131548+420147,,,,2.379304934236303e+37,7.808529706953118e+35,,,,,"[3.89730195e-12 5.80000000e-15 3.49200000e-15 6.01400000e-15
 3.49200000e-15 6.01400000e-15 1.67010000e-15 6.14250000e-15
 2.08080000e-15 2.09890000e-15 3.36730000e-15 2.09890000e-15
 3.36730000e-15 1.20750000e-15] erg / (s cm2)","[3.89730195e-12 5.80000000e-15 3.49200000e-15 6.01400000e-15
 3.49200000e-15 6.01400000e-15 1.67010000e-15 6.14250000e-15
 2.08080000e-15 2.09890000e-15 3.36730000e-15 2.09890000e-15
 3.36730000e-15 1.20750000e-15] erg / (s cm2)","[1.19916983e-12 1.05000000e-15 4.85000000e-16 9.02100000e-16
 4.85000000e-16 9.02100000e-16 1.46500000e-16 1.36500000e-16
 8.16000000e-17 7.55000000e-17 1.66100000e-16 7.55000000e-17
 1.66100000e-16 2.87500000e-16] erg / (s cm2)"
94,NGC5194,,,,,,,,,,,"[7.49481145e-12 5.99584916e-12 3.45914375e-13 3.45914375e-13
 1.39612500e-15 1.50705000e-15 1.39612500e-15 1.50705000e-15
 1.69927500e-15 1.69927500e-15 1.69927500e-15 1.69927500e-15
 1.82500000e-15 1.66250000e-15 1.82500000e-15 1.66250000e-15
 1.76490000e-15 2.12842500e-15 1.76490000e-15 2.12842500e-15
 1.80000000e-14 5.51610000e-17 1.04275000e-14 2.11460000e-14
 1.04275000e-14 2.11460000e-14 2.96257500e-17 6.02420000e-15
 1.93830000e-14 9.38400000e-15 5.39070000e-15 1.04190000e-14
 5.39070000e-15 1.04190000e-14 7.47400000e-16] erg / (s cm2)","[7.49481145e-12 5.99584916e-12 3.45914375e-13 3.45914375e-13
 1.39612500e-15 1.50705000e-15 1.39612500e-15 1.50705000e-15
 1.69927500e-15 1.69927500e-15 1.69927500e-15 1.69927500e-15
 1.82500000e-15 1.66250000e-15 1.82500000e-15 1.66250000e-15
 1.76490000e-15 2.12842500e-15 1.76490000e-15 2.12842500e-15
 1.80000000e-14 5.51610000e-17 1.04275000e-14 2.11460000e-14
 1.04275000e-14 2.11460000e-14 2.96257500e-17 6.02420000e-15
 1.93830000e-14 9.38400000e-15 5.39070000e-15 1.04190000e-14
 5.39070000e-15 1.04190000e-14 7.47400000e-16] erg / (s cm2)","[1.79875475e-12 1.38365750e-12 1.84487666e-13 1.84487666e-13
 2.48625000e-16 2.48625000e-16 2.48625000e-16 2.48625000e-16
 1.63325000e-16 1.63325000e-16 1.63325000e-16 1.63325000e-16
 1.18750000e-16 1.18750000e-16 1.18750000e-16 1.18750000e-16
 2.60850000e-16 2.60850000e-16 2.60850000e-16 2.60850000e-16
 2.00000000e-15 5.34600000e-19 1.21250000e-15 3.17190000e-15
 1.21250000e-15 3.17190000e-15 2.99250000e-19 1.89000000e-16
 1.36500000e-16 2.04000000e-16 7.55000000e-17 1.66100000e-16
 7.55000000e-17 1.66100000e-16 1.11000000e-16] erg / (s cm2)"
95,NGC5273,,,FIRST J134208.3+353915,FIRSTJ134208.3+353915,,,6.707590189040713e+39,4.225925102812164e+37,9.625127644621653e+40,4.971951388086111e+38,"[ 3.1920e-17  5.9500e-17  5.9500e-17  9.7800e-17  7.7751e-17  9.7800e-17
  7.7751e-17 -2.3800e-17  4.9000e-17  4.9000e-17  3.6400e-17  3.6400e-17] erg / (s cm2)","[ 3.1920e-17  5.9500e-17  5.9500e-17  9.7800e-17  7.7751e-17  9.7800e-17
  7.7751e-17 -2.3800e-17  4.9000e-17  4.9000e-17  3.6400e-17  3.6400e-17] erg / (s cm2)","[5.040e-18 3.000e-18 3.000e-18 1.467e-17 6.357e-18 1.467e-17 6.357e-18
 9.520e-17 5.600e-18 5.600e-18 1.820e-18 1.820e-18] erg / (s cm2)"
96,NGC5297,,,,,,,,,,,[3.3075e-18 2.4905e-16 3.6680e-16 1.8850e-16] erg / (s cm2),[3.3075e-18 2.4905e-16 3.6680e-16 1.8850e-16] erg / (s cm2),[3.150e-19 4.395e-17 3.220e-17 2.925e-17] erg / (s cm2)
97,NGC5322,NVSS J134915+601126,,FIRST J134915.3+601122,,9.623062226277211e+37,3.436807879427656e+36,8.975969156183512e+39,2.3495998689956787e+38,3.565179728332559e+39,5.534849440262084e+38,"[2.0197975e-14 2.1000000e-15 2.2795000e-15 2.3280000e-15 2.2795000e-15
 2.3280000e-15 3.6550000e-16 1.0920000e-15 1.0920000e-15 1.0920000e-15
 1.1102000e-15 1.1270000e-15 4.6800000e-16 3.1968000e-16] erg / (s cm2)","[2.0197975e-14 2.1000000e-15 2.2795000e-15 2.3280000e-15 2.2795000e-15
 2.3280000e-15 3.6550000e-16 1.0920000e-15 1.0920000e-15 1.0920000e-15
 1.1102000e-15 1.1270000e-15 4.6800000e-16 3.1968000e-16] erg / (s cm2)","[7.08365e-15 5.00000e-16 3.39500e-16 3.49200e-16 3.39500e-16 3.49200e-16
 4.25000e-17 4.20000e-17 4.20000e-17 4.20000e-17 3.92000e-17 3.64000e-17
 1.95000e-17 3.77400e-17] erg / (s cm2)"
98,NGC5353,NVSS J135326+401658,NVSS J135326.6+401658,FIRST J135326.6+401658,FIRSTJ135326.6+401658,7.807305076818438e+37,2.5060484512549758e+36,,,,,"[2.9750e-16 1.6005e-15 1.6975e-15 1.6005e-15 1.6975e-15 5.7400e-16
 5.0260e-16 5.7400e-16 5.0260e-16 5.5160e-16 5.7400e-16 5.0260e-16
 5.6000e-16 5.6000e-16 1.9175e-16] erg / (s cm2)","[2.9750e-16 1.6005e-15 1.6975e-15 1.6005e-15 1.6975e-15 5.7400e-16
 5.0260e-16 5.7400e-16 5.0260e-16 5.5160e-16 5.7400e-16 5.0260e-16
 5.6000e-16 5.6000e-16 1.9175e-16] erg / (s cm2)","[4.25000e-17 2.40075e-16 3.39500e-16 2.40075e-16 3.39500e-16 1.82000e-17
 2.51300e-17 1.82000e-17 2.51300e-17 1.82000e-17 1.82000e-17 2.51300e-17
 1.40000e-17 1.40000e-17 9.75000e-18] erg / (s cm2)"
99,NGC5354,NVSS J135326+401812,NVSS J135326.5+401812,FIRST J135326.7+401809,FIRSTJ135326.7+401809,1.5901341118492603e+37,9.938338199057877e+35,1.2816892672658998e+40,5.8542834258107495e+38,1.0410167903871148e+40,1.780637752728058e+39,"[1.6500e-15 1.1662e-16 1.1760e-16 1.1662e-16 1.1760e-16 1.1662e-16
 1.1760e-16] erg / (s cm2)","[1.6500e-15 1.1662e-16 1.1760e-16 1.1662e-16 1.1760e-16 1.1662e-16
 1.1760e-16] erg / (s cm2)",[3.500e-16 5.831e-18 7.000e-18 5.831e-18 7.000e-18 5.831e-18 7.000e-18] erg / (s cm2)
100,NGC5363,NVSS J135607+051517,NVSS J135607.2+051517,FIRST J135607.1+051517,FIRSTJ135607.1+051517,5.506886745943085e+37,1.9581567936070048e+36,2.248307610573868e+39,7.37000950094011e+37,3.5380557234818806e+39,2.802400184465889e+38,"[4.65930e-15 6.40200e-15 5.14100e-15 6.20800e-15 6.40200e-15 5.14100e-15
 6.20800e-15 6.40200e-15 5.14100e-15 6.20800e-15 3.14160e-15 2.25680e-15
 1.43445e-15] erg / (s cm2)","[4.65930e-15 6.40200e-15 5.14100e-15 6.20800e-15 6.40200e-15 5.14100e-15
 6.20800e-15 6.40200e-15 5.14100e-15 6.20800e-15 3.14160e-15 2.25680e-15
 1.43445e-15] erg / (s cm2)","[5.010e-16 9.215e-16 5.820e-16 9.312e-16 9.215e-16 5.820e-16 9.312e-16
 9.215e-16 5.820e-16 9.312e-16 1.428e-16 7.980e-17 1.752e-16] erg / (s cm2)"
101,NGC5448,,,,,,,,,,,[2.492000e-16 2.660000e-16 1.657500e-16 5.719029e-17] erg / (s cm2),[2.492000e-16 2.660000e-16 1.657500e-16 5.719029e-17] erg / (s cm2),[1.4000000e-17 2.1000000e-17 1.6250000e-17 1.1522235e-17] erg / (s cm2)
102,NGC5656,,NVSS J143025.3+351916,,,,,,,,,"[2.92330e-16 2.14200e-16 1.70940e-17 3.03800e-16 3.08000e-16 2.99184e-16
 1.56000e-16 1.08171e-16 7.90650e-17 1.63540e-16] erg / (s cm2)","[2.92330e-16 2.14200e-16 1.70940e-17 3.03800e-16 3.08000e-16 2.99184e-16
 1.56000e-16 1.08171e-16 7.90650e-17 1.63540e-16] erg / (s cm2)","[1.2710e-17 7.1400e-17 1.0500e-18 1.4000e-17 1.9600e-17 1.2006e-17
 1.3000e-17 1.1934e-17 3.4500e-19 5.3280e-17] erg / (s cm2)"
103,NGC5678,NVSS J143205+575511,,FIRST J143205.8+575510,,1.462353666320441e+38,5.1988873638200855e+36,,,,,"[2.3800000e-16 1.6490000e-15 3.2980000e-15 1.6490000e-15 3.2980000e-15
 1.5968500e-15 1.5610000e-15 1.5596000e-15 9.0350000e-16 9.2110000e-16
 8.1540000e-16 9.2110000e-16 8.1540000e-16 8.1381426e-16] erg / (s cm2)","[2.3800000e-16 1.6490000e-15 3.2980000e-15 1.6490000e-15 3.2980000e-15
 1.5968500e-15 1.5610000e-15 1.5596000e-15 9.0350000e-16 9.2110000e-16
 8.1540000e-16 9.2110000e-16 8.1540000e-16 8.1381426e-16] erg / (s cm2)","[3.40000000e-17 2.91000000e-16 4.94700000e-16 2.91000000e-16
 4.94700000e-16 7.32500000e-17 5.60000000e-17 5.04000000e-17
 2.92500000e-17 1.35900000e-16 6.04000000e-17 1.35900000e-16
 6.04000000e-17 1.62785655e-16] erg / (s cm2)"
104,NGC5813,NVSS J150110+014206,NVSS J150110.9+014206,,FIRSTJ150111.2+014208,2.33564908086941e+37,1.5781412708577095e+36,8.654428659176131e+39,1.1953071528973062e+39,2.099005670060531e+39,1.9001497969010734e+39,[1.666e-16 2.212e-16 2.100e-16 2.100e-16] erg / (s cm2),[1.666e-16 2.212e-16 2.100e-16 2.100e-16] erg / (s cm2),[9.52e-17 1.54e-17 1.40e-17 1.40e-17] erg / (s cm2)
105,NGC5838,NVSS J150525+020600,NVSS J150525.9+020600,FIRST J150526.2+020557,FIRSTJ150526.2+020557,1.7872305944082517e+36,2.7495855708308664e+35,,,,,[4.998e-16 3.640e-17 3.640e-17 4.200e-17] erg / (s cm2),[4.998e-16 3.640e-17 3.640e-17 4.200e-17] erg / (s cm2),[7.14e-17 5.60e-18 5.60e-18 7.00e-18] erg / (s cm2)
106,NGC5846,NVSS J150629+013619,NVSS J150629.3+013618,,FIRSTJ150629.2+013620,2.2801992901064394e+37,1.4115518897190458e+36,1.1835358903737674e+41,3.198049024117227e+38,1.4853629232087954e+40,3.6477614378305774e+38,[8.61525e-15 4.76000e-16 2.94000e-16 3.09400e-16 2.94000e-16] erg / (s cm2),[8.61525e-15 4.76000e-16 2.94000e-16 3.09400e-16 2.94000e-16] erg / (s cm2),[4.116175e-15 9.520000e-17 1.400000e-17 1.960000e-17 1.400000e-17] erg / (s cm2)
107,NGC5866,,NVSS J150629.3+554546,,FIRSTJ150629.4+554547,,,,,,,"[6.003100e-13 1.395000e-15 1.275000e-15 1.380000e-15 1.335000e-15
 1.395000e-15 1.275000e-15 1.380000e-15 1.335000e-15 1.395000e-15
 1.275000e-15 1.380000e-15 1.335000e-15 1.395000e-15 1.275000e-15
 1.380000e-15 1.335000e-15 1.395000e-15 1.275000e-15 1.380000e-15
 1.335000e-15 9.660000e-16 9.828000e-16 9.408000e-16 9.576000e-16
 9.660000e-16 9.828000e-16 9.408000e-16 9.576000e-16 9.660000e-16
 9.828000e-16 9.408000e-16 9.576000e-16 5.964000e-16 9.660000e-16
 9.828000e-16 9.408000e-16 9.576000e-16 6.350000e-16 6.200000e-16
 6.500000e-16 6.350000e-16 6.200000e-16 3.164000e-16 3.080000e-16
 1.979600e-16 3.262000e-16 3.080000e-16 1.979600e-16 3.080000e-16
 1.979600e-16 8.775000e-17 7.828095e-17] erg / (s cm2)","[6.003100e-13 1.395000e-15 1.275000e-15 1.380000e-15 1.335000e-15
 1.395000e-15 1.275000e-15 1.380000e-15 1.335000e-15 1.395000e-15
 1.275000e-15 1.380000e-15 1.335000e-15 1.395000e-15 1.275000e-15
 1.380000e-15 1.335000e-15 1.395000e-15 1.275000e-15 1.380000e-15
 1.335000e-15 9.660000e-16 9.828000e-16 9.408000e-16 9.576000e-16
 9.660000e-16 9.828000e-16 9.408000e-16 9.576000e-16 9.660000e-16
 9.828000e-16 9.408000e-16 9.576000e-16 5.964000e-16 9.660000e-16
 9.828000e-16 9.408000e-16 9.576000e-16 6.350000e-16 6.200000e-16
 6.500000e-16 6.350000e-16 6.200000e-16 3.164000e-16 3.080000e-16
 1.979600e-16 3.262000e-16 3.080000e-16 1.979600e-16 3.080000e-16
 1.979600e-16 8.775000e-17 7.828095e-17] erg / (s cm2)","[1.07570e-13 2.55000e-17 2.55000e-17 2.55000e-17 2.55000e-17 2.55000e-17
 2.55000e-17 2.55000e-17 2.55000e-17 2.55000e-17 2.55000e-17 2.55000e-17
 2.55000e-17 2.55000e-17 2.55000e-17 2.55000e-17 2.55000e-17 2.55000e-17
 2.55000e-17 2.55000e-17 2.55000e-17 5.04000e-18 5.04000e-18 5.04000e-18
 5.04000e-18 5.04000e-18 5.04000e-18 5.04000e-18 5.04000e-18 5.04000e-18
 5.04000e-18 5.04000e-18 5.04000e-18 3.36000e-17 5.04000e-18 5.04000e-18
 5.04000e-18 5.04000e-18 5.00000e-18 5.00000e-18 3.00000e-16 5.00000e-18
 5.00000e-18 1.54000e-17 1.40000e-17 6.02000e-18 1.26000e-17 1.40000e-17
 6.02000e-18 1.40000e-17 6.02000e-18 9.75000e-18 1.58628e-17] erg / (s cm2)"
108,NGC5879,,,,,,,4.189568457032343e+38,3.3969275650887254e+37,1.421812617399613e+39,2.213632947539976e+38,[8.150e-15 2.954e-16 1.725e-16] erg / (s cm2),[8.150e-15 2.954e-16 1.725e-16] erg / (s cm2),[1.60e-15 2.52e-17 1.15e-16] erg / (s cm2)
109,NGC5921,,,,FIRSTJ152156.4+050413,,,,,,,[4.0460e-16 4.5415e-16 3.3880e-16] erg / (s cm2),[4.0460e-16 4.5415e-16 3.3880e-16] erg / (s cm2),[7.14e-17 2.93e-17 4.76e-17] erg / (s cm2)
110,NGC6500,,NVSS J175559.7+182018,,,,,,,,,"[7.4149694e-14 4.6235175e-14 8.8000000e-15 8.5360000e-15 8.3905000e-15
 8.5360000e-15 8.3905000e-15 4.7838000e-15 2.5606000e-15 1.2118000e-15] erg / (s cm2)","[7.4149694e-14 4.6235175e-14 8.8000000e-15 8.5360000e-15 8.3905000e-15
 8.5360000e-15 8.3905000e-15 4.7838000e-15 2.5606000e-15 1.2118000e-15] erg / (s cm2)","[1.4519807e-14 7.7537250e-15 1.0500000e-15 1.1640000e-15 1.2585750e-15
 1.1640000e-15 1.2585750e-15 2.3800000e-16 9.1000000e-17 7.3000000e-17] erg / (s cm2)"
111,NGC6503,,,,,,,,,,,[4.256e-16 4.256e-16 4.256e-16] erg / (s cm2),[4.256e-16 4.256e-16 4.256e-16] erg / (s cm2),[9.8e-18 9.8e-18 9.8e-18] erg / (s cm2)
112,NGC6951,NVSS J203713+660619,NVSS J203713.9+660619,,,5.089819698241985e+37,2.017990224369292e+36,3.213879469143309e+39,2.111732605230761e+38,4.1468630658731136e+39,9.435227898243114e+38,"[1.8000e-15 1.4065e-15 1.5520e-15 2.4650e-16 1.4065e-15 1.5520e-15
 1.1720e-15 8.4700e-16 9.8560e-16 5.2325e-16] erg / (s cm2)","[1.8000e-15 1.4065e-15 1.5520e-15 2.4650e-16 1.4065e-15 1.5520e-15
 1.1720e-15 8.4700e-16 9.8560e-16 5.2325e-16] erg / (s cm2)","[4.00000e-16 2.10975e-16 2.42500e-16 3.40000e-17 2.10975e-16 2.42500e-16
 7.32500e-17 3.08000e-17 4.06000e-17 4.22500e-17] erg / (s cm2)"
113,NGC7217,,,,,,,,,,,[2.495e-16 5.988e-17 3.570e-16 4.316e-17 8.150e-18] erg / (s cm2),[2.495e-16 5.988e-17 3.570e-16 4.316e-17 8.150e-18] erg / (s cm2),[2.495e-17 9.980e-18 7.140e-17 4.980e-18 1.630e-18] erg / (s cm2)
114,NGC7331,,,,,,,6.847080882188365e+39,1.5568977440983508e+38,7.237471471137047e+39,5.374107921553683e+38,"[4.70000e-15 4.65600e-15 3.88000e-15 4.65600e-15 3.88000e-15 4.45060e-15
 4.76480e-15 3.14975e-15 8.05350e-15 3.06346e-15 8.28800e-16 2.58750e-15] erg / (s cm2)","[4.70000e-15 4.65600e-15 3.88000e-15 4.65600e-15 3.88000e-15 4.45060e-15
 4.76480e-15 3.14975e-15 8.05350e-15 3.06346e-15 8.28800e-16 2.58750e-15] erg / (s cm2)","[6.5000e-16 6.3050e-16 5.8200e-16 6.3050e-16 5.8200e-16 2.3800e-16
 1.4890e-16 2.1975e-16 1.3650e-16 6.5180e-17 1.3320e-16 7.4750e-16] erg / (s cm2)"
115,NGC7479,NVSS J230456+121920,,,,1.6612231768961924e+38,6.208611953261824e+36,,,,,"[2.9160e-16 1.9885e-15 1.8915e-15 1.9885e-15 1.8915e-15 1.3804e-15
 7.1500e-17 1.4196e-15] erg / (s cm2)","[2.9160e-16 1.9885e-15 1.8915e-15 1.9885e-15 1.8915e-15 1.3804e-15
 7.1500e-17 1.4196e-15] erg / (s cm2)","[4.86000e-17 3.88000e-16 2.83725e-16 3.88000e-16 2.83725e-16 9.52000e-17
 1.43000e-17 5.46000e-17] erg / (s cm2)"
116,NGC7626,NVSS J232042+081256,,,FIRSTJ232042.5+081300,1.146914719087185e+39,3.590868497616091e+37,8.201107735085818e+40,1.281064417174876e+39,5.43556735954263e+40,5.961614814884652e+39,"[1.28400e-14 6.98400e-15 7.37200e-15 1.18825e-14 6.98400e-15 7.37200e-15
 1.18825e-14 6.98400e-15 7.37200e-15 1.18825e-14 3.92700e-15 1.03600e-14
 1.03600e-14 1.17880e-14 9.99000e-16] erg / (s cm2)","[1.28400e-14 6.98400e-15 7.37200e-15 1.18825e-14 6.98400e-15 7.37200e-15
 1.18825e-14 6.98400e-15 7.37200e-15 1.18825e-14 3.92700e-15 1.03600e-14
 1.03600e-14 1.17880e-14 9.99000e-16] erg / (s cm2)","[2.1400e-15 1.0185e-15 1.1058e-15 8.2450e-16 1.0185e-15 1.1058e-15
 8.2450e-16 1.0185e-15 1.1058e-15 8.2450e-16 2.1420e-16 7.0000e-16
 7.0000e-16 2.1000e-16 1.3320e-16] erg / (s cm2)"
117,NGC7743,,,,FIRSTJ234421.1+095603,,,3.853493071964336e+39,2.9308795920798476e+38,7.86802602756737e+38,6.10254333147924e+38,[-4.760e-17  1.008e-16  1.008e-16  1.050e-16] erg / (s cm2),[-4.760e-17  1.008e-16  1.008e-16  1.050e-16] erg / (s cm2),[9.52e-17 7.00e-18 7.00e-18 7.00e-18] erg / (s cm2)
